./data/AD_Skin/MOTUS/SRR20002388_profile.txt	9134.00	11.00	0.00120
./data/AD_Skin/MOTUS/SRR20002387_profile.txt	14.00	9.00	0.39130
./data/AD_Skin/MOTUS/SRR20002475_profile.txt	11911.00	29.00	0.00243
./data/AD_Skin/MOTUS/SRR20002353_profile.txt	8.00	12.00	0.60000
./data/AD_Skin/MOTUS/SRR20002417_profile.txt	4.00	1.00	0.20000
./data/AD_Skin/MOTUS/SRR20002418_profile.txt	9128.00	2.00	0.00022
./data/AD_Skin/MOTUS/SRR20002343_profile.txt	11903.00	21.00	0.00176
./data/AD_Skin/MOTUS/SRR20002408_profile.txt	2.00	0.00	0.00000
./data/AD_Skin/MOTUS/SRR20002407_profile.txt	NA	NA	NA
./data/AD_Skin/MOTUS/SRR20002465_profile.txt	9360.00	2.00	0.00021
./data/AD_Skin/MOTUS/SRR20002397_profile.txt	14.00	7.00	0.33333
./data/AD_Skin/MOTUS/SRR20002398_profile.txt	NA	NA	NA
./data/AD_Skin/MOTUS/SRR20002427_profile.txt	9164.00	10.00	0.00109
./data/AD_Skin/MOTUS/SRR20002428_profile.txt	6.00	3.00	0.33333
./data/AD_Skin/MOTUS/SRR20002363_profile.txt	9128.00	16.00	0.00175
./data/AD_Skin/MOTUS/SRR20002445_profile.txt	6.00	9.00	0.60000
./data/AD_Skin/MOTUS/SRR20002455_profile.txt	9134.00	17.00	0.00186
./data/AD_Skin/MOTUS/SRR20002438_profile.txt	4.00	1.00	0.20000
./data/AD_Skin/MOTUS/SRR20002437_profile.txt	4.00	3.00	0.42857
./data/AD_Skin/MOTUS/SRR20002481_profile.txt	4.00	1.00	0.20000
./data/AD_Skin/MOTUS/SRR20002373_profile.txt	9134.00	11.00	0.00120
./data/AD_Skin/MOTUS/SRR20002341_profile.txt	87.00	6.00	0.06452
./data/AD_Skin/MOTUS/SRR20002405_profile.txt	4.00	4.00	0.50000
./data/AD_Skin/MOTUS/SRR20002468_profile.txt	8.00	42.00	0.84000
./data/AD_Skin/MOTUS/SRR20002467_profile.txt	9356.00	12.00	0.00128
./data/AD_Skin/MOTUS/SRR20002395_profile.txt	10.00	3.00	0.23077
./data/AD_Skin/MOTUS/SRR20002385_profile.txt	9126.00	2.00	0.00022
./data/AD_Skin/MOTUS/SRR20002477_profile.txt	9144.00	26.00	0.00284
./data/AD_Skin/MOTUS/SRR20002478_profile.txt	10.00	1.00	0.09091
./data/AD_Skin/MOTUS/SRR20002351_profile.txt	9160.00	19.00	0.00207
./data/AD_Skin/MOTUS/SRR20002415_profile.txt	2.00	2.00	0.50000
./data/AD_Skin/MOTUS/SRR20002458_profile.txt	NA	NA	NA
./data/AD_Skin/MOTUS/SRR20002457_profile.txt	9126.00	8.00	0.00088
./data/AD_Skin/MOTUS/SRR20002435_profile.txt	9140.00	3.00	0.00033
./data/AD_Skin/MOTUS/SRR20002483_profile.txt	9134.00	3.00	0.00033
./data/AD_Skin/MOTUS/SRR20002371_profile.txt	10.00	6.00	0.37500
./data/AD_Skin/MOTUS/SRR20002425_profile.txt	11899.00	34.00	0.00285
./data/AD_Skin/MOTUS/SRR20002361_profile.txt	11313.00	21.00	0.00185
./data/AD_Skin/MOTUS/SRR20002447_profile.txt	9138.00	8.00	0.00087
./data/AD_Skin/MOTUS/SRR20002448_profile.txt	9150.00	25.00	0.00272
./data/AD_Skin/MOTUS/SRR20002368_profile.txt	9128.00	5.00	0.00055
./data/AD_Skin/MOTUS/SRR20002367_profile.txt	9128.00	5.00	0.00055
./data/AD_Skin/MOTUS/SRR20002423_profile.txt	2.00	2.00	0.50000
./data/AD_Skin/MOTUS/SRR20002441_profile.txt	18.00	3.00	0.14286
./data/AD_Skin/MOTUS/SRR20002451_profile.txt	NA	NA	NA
./data/AD_Skin/MOTUS/SRR20002485_profile.txt	2.00	3.00	0.60000
./data/AD_Skin/MOTUS/SRR20002377_profile.txt	6.00	1.00	0.14286
./data/AD_Skin/MOTUS/SRR20002378_profile.txt	9126.00	4.00	0.00044
./data/AD_Skin/MOTUS/SRR20002433_profile.txt	9362.00	48.00	0.00510
./data/AD_Skin/MOTUS/SRR20002383_profile.txt	6.00	1.00	0.14286
./data/AD_Skin/MOTUS/SRR20002471_profile.txt	2.00	1.00	0.33333
./data/AD_Skin/MOTUS/SRR20002413_profile.txt	4.00	1.00	0.20000
./data/AD_Skin/MOTUS/SRR20002358_profile.txt	9134.00	10.00	0.00109
./data/AD_Skin/MOTUS/SRR20002357_profile.txt	4.00	4.00	0.50000
./data/AD_Skin/MOTUS/SRR20002403_profile.txt	4.00	1.00	0.20000
./data/AD_Skin/MOTUS/SRR20002347_profile.txt	10.00	12.00	0.54545
./data/AD_Skin/MOTUS/SRR20002348_profile.txt	14.00	4.00	0.22222
./data/AD_Skin/MOTUS/SRR20002461_profile.txt	2.00	0.00	0.00000
./data/AD_Skin/MOTUS/SRR20002393_profile.txt	9138.00	8.00	0.00087
./data/AD_Skin/MOTUS/SRR20002453_profile.txt	2.00	0.00	0.00000
./data/AD_Skin/MOTUS/SRR20002487_profile.txt	9136.00	9.00	0.00098
./data/AD_Skin/MOTUS/SRR20002375_profile.txt	11893.00	8.00	0.00067
./data/AD_Skin/MOTUS/SRR20002431_profile.txt	9140.00	28.00	0.00305
./data/AD_Skin/MOTUS/SRR20002365_profile.txt	9136.00	30.00	0.00327
./data/AD_Skin/MOTUS/SRR20002421_profile.txt	6.00	4.00	0.40000
./data/AD_Skin/MOTUS/SRR20002443_profile.txt	9144.00	9.00	0.00098
./data/AD_Skin/MOTUS/SRR20002401_profile.txt	9158.00	41.00	0.00446
./data/AD_Skin/MOTUS/SRR20002345_profile.txt	9140.00	45.00	0.00490
./data/AD_Skin/MOTUS/SRR20002463_profile.txt	2.00	0.00	0.00000
./data/AD_Skin/MOTUS/SRR20002391_profile.txt	9134.00	17.00	0.00186
./data/AD_Skin/MOTUS/SRR20002381_profile.txt	2.00	0.00	0.00000
./data/AD_Skin/MOTUS/SRR20002473_profile.txt	9138.00	15.00	0.00164
./data/AD_Skin/MOTUS/SRR20002411_profile.txt	9134.00	18.00	0.00197
./data/AD_Skin/MOTUS/SRR20002355_profile.txt	9128.00	5.00	0.00055
./data/AD_Skin/MOTUS/SRR20002460_profile.txt	4.00	5.00	0.55556
./data/AD_Skin/MOTUS/SRR20002392_profile.txt	2.00	1.00	0.33333
./data/AD_Skin/MOTUS/SRR20002402_profile.txt	4.00	2.00	0.33333
./data/AD_Skin/MOTUS/SRR20002349_profile.txt	NA	NA	NA
./data/AD_Skin/MOTUS/SRR20002346_profile.txt	9138.00	8.00	0.00087
./data/AD_Skin/MOTUS/SRR20002412_profile.txt	9449.00	18.00	0.00190
./data/AD_Skin/MOTUS/SRR20002356_profile.txt	18.00	3.00	0.14286
./data/AD_Skin/MOTUS/SRR20002359_profile.txt	9144.00	29.00	0.00316
./data/AD_Skin/MOTUS/SRR20002382_profile.txt	10643.00	28.00	0.00262
./data/AD_Skin/MOTUS/SRR20002470_profile.txt	2.00	0.00	0.00000
./data/AD_Skin/MOTUS/SRR20002379_profile.txt	10627.00	17.00	0.00160
./data/AD_Skin/MOTUS/SRR20002484_profile.txt	6.00	7.00	0.53846
./data/AD_Skin/MOTUS/SRR20002376_profile.txt	6.00	2.00	0.25000
./data/AD_Skin/MOTUS/SRR20002432_profile.txt	0.00	2.00	1.00000
./data/AD_Skin/MOTUS/SRR20002450_profile.txt	4.00	2.00	0.33333
./data/AD_Skin/MOTUS/SRR20002440_profile.txt	12.00	13.00	0.52000
./data/AD_Skin/MOTUS/SRR20002366_profile.txt	2.00	1.00	0.33333
./data/AD_Skin/MOTUS/SRR20002369_profile.txt	20.00	6.00	0.23077
./data/AD_Skin/MOTUS/SRR20002422_profile.txt	11911.00	20.00	0.00168
./data/AD_Skin/MOTUS/SRR20002410_profile.txt	9130.00	14.00	0.00153
./data/AD_Skin/MOTUS/SRR20002354_profile.txt	NA	NA	NA
./data/AD_Skin/MOTUS/SRR20002380_profile.txt	12.00	3.00	0.20000
./data/AD_Skin/MOTUS/SRR20002472_profile.txt	9130.00	17.00	0.00186
./data/AD_Skin/MOTUS/SRR20002462_profile.txt	10669.00	46.00	0.00429
./data/AD_Skin/MOTUS/SRR20002390_profile.txt	12.00	5.00	0.29412
./data/AD_Skin/MOTUS/SRR20002400_profile.txt	4.00	5.00	0.55556
./data/AD_Skin/MOTUS/SRR20002344_profile.txt	9136.00	6.00	0.00066
./data/AD_Skin/MOTUS/SRR20002442_profile.txt	9126.00	12.00	0.00131
./data/AD_Skin/MOTUS/SRR20002364_profile.txt	6.00	1.00	0.14286
./data/AD_Skin/MOTUS/SRR20002420_profile.txt	6.00	3.00	0.33333
./data/AD_Skin/MOTUS/SRR20002486_profile.txt	9132.00	4.00	0.00044
./data/AD_Skin/MOTUS/SRR20002374_profile.txt	9138.00	22.00	0.00240
./data/AD_Skin/MOTUS/SRR20002430_profile.txt	9144.00	23.00	0.00251
./data/AD_Skin/MOTUS/SRR20002452_profile.txt	9134.00	4.00	0.00044
./data/AD_Skin/MOTUS/SRR20002436_profile.txt	NA	NA	NA
./data/AD_Skin/MOTUS/SRR20002439_profile.txt	2.00	4.00	0.66667
./data/AD_Skin/MOTUS/SRR20002480_profile.txt	2.00	0.00	0.00000
./data/AD_Skin/MOTUS/SRR20002372_profile.txt	0.00	1.00	1.00000
./data/AD_Skin/MOTUS/SRR20002454_profile.txt	4.00	4.00	0.50000
./data/AD_Skin/MOTUS/SRR20002444_profile.txt	9150.00	8.00	0.00087
./data/AD_Skin/MOTUS/SRR20002429_profile.txt	12.00	6.00	0.33333
./data/AD_Skin/MOTUS/SRR20002426_profile.txt	9126.00	3.00	0.00033
./data/AD_Skin/MOTUS/SRR20002362_profile.txt	8.00	3.00	0.27273
./data/AD_Skin/MOTUS/SRR20002399_profile.txt	4.00	3.00	0.42857
./data/AD_Skin/MOTUS/SRR20002464_profile.txt	11893.00	9.00	0.00076
./data/AD_Skin/MOTUS/SRR20002396_profile.txt	11303.00	13.00	0.00115
./data/AD_Skin/MOTUS/SRR20002342_profile.txt	4.00	1.00	0.20000
./data/AD_Skin/MOTUS/SRR20002406_profile.txt	9138.00	4.00	0.00044
./data/AD_Skin/MOTUS/SRR20002409_profile.txt	6.00	1.00	0.14286
./data/AD_Skin/MOTUS/SRR20002352_profile.txt	9134.00	10.00	0.00109
./data/AD_Skin/MOTUS/SRR20002419_profile.txt	9140.00	23.00	0.00251
./data/AD_Skin/MOTUS/SRR20002416_profile.txt	8.00	2.00	0.20000
./data/AD_Skin/MOTUS/SRR20002386_profile.txt	4.00	3.00	0.42857
./data/AD_Skin/MOTUS/SRR20002474_profile.txt	16.00	18.00	0.52941
./data/AD_Skin/MOTUS/SRR20002389_profile.txt	12.00	3.00	0.20000
./data/AD_Skin/MOTUS/SRR20002449_profile.txt	9124.00	7.00	0.00077
./data/AD_Skin/MOTUS/SRR20002446_profile.txt	9140.00	15.00	0.00164
./data/AD_Skin/MOTUS/SRR20002424_profile.txt	NA	NA	NA
./data/AD_Skin/MOTUS/SRR20002360_profile.txt	11889.00	5.00	0.00042
./data/AD_Skin/MOTUS/SRR20002434_profile.txt	9128.00	2.00	0.00022
./data/AD_Skin/MOTUS/SRR20002482_profile.txt	12.00	2.00	0.14286
./data/AD_Skin/MOTUS/SRR20002370_profile.txt	18.00	6.00	0.25000
./data/AD_Skin/MOTUS/SRR20002456_profile.txt	9128.00	10.00	0.00109
./data/AD_Skin/MOTUS/SRR20002459_profile.txt	12.00	25.00	0.67568
./data/AD_Skin/MOTUS/SRR20002350_profile.txt	2.00	1.00	0.33333
./data/AD_Skin/MOTUS/SRR20002414_profile.txt	9142.00	7.00	0.00077
./data/AD_Skin/MOTUS/SRR20002479_profile.txt	6.00	9.00	0.60000
./data/AD_Skin/MOTUS/SRR20002384_profile.txt	12.00	9.00	0.42857
./data/AD_Skin/MOTUS/SRR20002476_profile.txt	9132.00	6.00	0.00066
./data/AD_Skin/MOTUS/SRR20002466_profile.txt	9132.00	26.00	0.00284
./data/AD_Skin/MOTUS/SRR20002394_profile.txt	8.00	29.00	0.78378
./data/AD_Skin/MOTUS/SRR20002469_profile.txt	2.00	5.00	0.71429
./data/AD_Skin/MOTUS/SRR20002340_profile.txt	9128.00	3.00	0.00033
./data/AD_Skin/MOTUS/SRR20002404_profile.txt	NA	NA	NA
./data/Bee/MOTUS/SRR13256652_profile.txt	28.00	3.00	0.09677
./data/Bee/MOTUS/SRR13256642_profile.txt	16.00	7.00	0.30435
./data/Bee/MOTUS/SRR13256662_profile.txt	20.00	4.00	0.16667
./data/Bee/MOTUS/SRR13256672_profile.txt	20.00	4.00	0.16667
./data/Bee/MOTUS/SRR13256640_profile.txt	14.00	3.00	0.17647
./data/Bee/MOTUS/SRR13256650_profile.txt	14.00	1.00	0.06667
./data/Bee/MOTUS/SRR13256670_profile.txt	28.00	8.00	0.22222
./data/Bee/MOTUS/SRR13256660_profile.txt	22.00	3.00	0.12000
./data/Bee/MOTUS/SRR13256669_profile.txt	18.00	7.00	0.28000
./data/Bee/MOTUS/SRR13256666_profile.txt	16.00	2.00	0.11111
./data/Bee/MOTUS/SRR13256676_profile.txt	20.00	6.00	0.23077
./data/Bee/MOTUS/SRR13256659_profile.txt	12.00	3.00	0.20000
./data/Bee/MOTUS/SRR13256656_profile.txt	16.00	1.00	0.05882
./data/Bee/MOTUS/SRR13256646_profile.txt	18.00	5.00	0.21739
./data/Bee/MOTUS/SRR13256649_profile.txt	24.00	10.00	0.29412
./data/Bee/MOTUS/SRR13256674_profile.txt	22.00	10.00	0.31250
./data/Bee/MOTUS/SRR13256664_profile.txt	16.00	3.00	0.15789
./data/Bee/MOTUS/SRR13256644_profile.txt	24.00	4.00	0.14286
./data/Bee/MOTUS/SRR13256639_profile.txt	20.00	3.00	0.13043
./data/Bee/MOTUS/SRR13256654_profile.txt	22.00	4.00	0.15385
./data/Bee/MOTUS/SRR13256648_profile.txt	16.00	2.00	0.11111
./data/Bee/MOTUS/SRR13256647_profile.txt	18.00	4.00	0.18182
./data/Bee/MOTUS/SRR13256657_profile.txt	8.00	1.00	0.11111
./data/Bee/MOTUS/SRR13256658_profile.txt	20.00	8.00	0.28571
./data/Bee/MOTUS/SRR13256667_profile.txt	16.00	2.00	0.11111
./data/Bee/MOTUS/SRR13256668_profile.txt	16.00	1.00	0.05882
./data/Bee/MOTUS/SRR13256655_profile.txt	24.00	6.00	0.20000
./data/Bee/MOTUS/SRR13256637_profile.txt	28.00	9.00	0.24324
./data/Bee/MOTUS/SRR13256638_profile.txt	16.00	3.00	0.15789
./data/Bee/MOTUS/SRR13256645_profile.txt	18.00	4.00	0.18182
./data/Bee/MOTUS/SRR13256665_profile.txt	12.00	2.00	0.14286
./data/Bee/MOTUS/SRR13256675_profile.txt	16.00	2.00	0.11111
./data/Bee/MOTUS/SRR13256673_profile.txt	16.00	4.00	0.20000
./data/Bee/MOTUS/SRR13256663_profile.txt	18.00	3.00	0.14286
./data/Bee/MOTUS/SRR13256643_profile.txt	22.00	4.00	0.15385
./data/Bee/MOTUS/SRR13256653_profile.txt	14.00	2.00	0.12500
./data/Bee/MOTUS/SRR13256661_profile.txt	12.00	1.00	0.07692
./data/Bee/MOTUS/SRR13256671_profile.txt	16.00	3.00	0.15789
./data/Bee/MOTUS/SRR13256651_profile.txt	22.00	2.00	0.08333
./data/Bee/MOTUS/SRR13256641_profile.txt	18.00	4.00	0.18182
./data/Moss/MOTUS/S-25-POLPIL-G_profile.txt	2.00	2.00	0.50000
./data/Moss/MOTUS/S-11-POLJUN-B_profile.txt	93.00	41.00	0.30597
./data/Moss/MOTUS/S-7-POLJUN-B_profile.txt	79.00	23.00	0.22549
./data/Moss/MOTUS/S-9-DICUND-B_profile.txt	4.00	56.00	0.93333
./data/Moss/MOTUS/S-9-POLPIL-B_profile.txt	0.00	9.00	1.00000
./data/Moss/MOTUS/S-14-POLPIL-B_profile.txt	176.00	32.00	0.15385
./data/Moss/MOTUS/S-2-POLPIL-B_profile.txt	6.00	12.00	0.66667
./data/Moss/MOTUS/S-20-POLJUN-G_profile.txt	4.00	6.00	0.60000
./data/Moss/MOTUS/S-27-POLPIL-B_profile.txt	2.00	25.00	0.92593
./data/Moss/MOTUS/S-13-POLJUN-G_profile.txt	2.00	7.00	0.77778
./data/Moss/MOTUS/S-2-POLCOM-B_profile.txt	83.00	22.00	0.20952
./data/Moss/MOTUS/W-1-TORTOR-G_profile.txt	9245.00	22.00	0.00237
./data/Moss/MOTUS/S-16-POLPIL-G_profile.txt	2.00	5.00	0.71429
./data/Moss/MOTUS/S-22-POLJUN-B_profile.txt	8.00	17.00	0.68000
./data/Moss/MOTUS/S-9-POLCOM-B_profile.txt	152.00	28.00	0.15556
./data/Moss/MOTUS/S-18-POLJUN-G_profile.txt	0.00	10.00	1.00000
./data/Moss/MOTUS/N-2-TORTOR-G_profile.txt	0.00	7.00	1.00000
./data/Moss/MOTUS/S-8-POLJUN-G_profile.txt	4.00	4.00	0.50000
./data/Moss/MOTUS/S-6-DICUND-G_profile.txt	0.00	16.00	1.00000
./data/Moss/MOTUS/S-24-POLJUN-B_profile.txt	4.00	14.00	0.77778
./data/Moss/MOTUS/S-10-POLPIL-G_profile.txt	4.00	8.00	0.66667
./data/Moss/MOTUS/S-6-POLPIL-G_profile.txt	12.00	15.00	0.55556
./data/Moss/MOTUS/S-4-POLCOM-B_profile.txt	115.00	32.00	0.21769
./data/Moss/MOTUS/N-3-POLJUN-G_profile.txt	91.00	14.00	0.13333
./data/Moss/MOTUS/S-15-POLJUN-G_profile.txt	6.00	5.00	0.45455
./data/Moss/MOTUS/S-3-POLJUN-G_profile.txt	73.00	7.00	0.08750
./data/Moss/MOTUS/S-26-POLJUN-G_profile.txt	2.00	12.00	0.85714
./data/Moss/MOTUS/S-4-POLPIL-B_profile.txt	101.00	52.00	0.33987
./data/Moss/MOTUS/S-12-POLPIL-B_profile.txt	6.00	9.00	0.60000
./data/Moss/MOTUS/S-4-DICUND-B_profile.txt	9120.00	38.00	0.00415
./data/Moss/MOTUS/S-19-POLPIL-B_profile.txt	2.00	27.00	0.93103
./data/Moss/MOTUS/S-6-POLCOM-G_profile.txt	75.00	13.00	0.14773
./data/Moss/MOTUS/S-1-POLJUN-B_profile.txt	873.00	35.00	0.03855
./data/Moss/MOTUS/S-17-POLJUN-B_profile.txt	16.00	66.00	0.80488
./data/Moss/MOTUS/S-23-POLPIL-G_profile.txt	4.00	6.00	0.60000
./data/Moss/MOTUS/S-3-DICUND-B_profile.txt	9126.00	60.00	0.00653
./data/Moss/MOTUS/S-21-POLJUN-G_profile.txt	6.00	7.00	0.53846
./data/Moss/MOTUS/S-15-POLPIL-B_profile.txt	89.00	24.00	0.21239
./data/Moss/MOTUS/S-3-POLPIL-B_profile.txt	8.00	13.00	0.61905
./data/Moss/MOTUS/S-10-POLJUN-B_profile.txt	81.00	30.00	0.27027
./data/Moss/MOTUS/S-24-POLPIL-G_profile.txt	2.00	6.00	0.75000
./data/Moss/MOTUS/S-8-POLPIL-B_profile.txt	77.00	16.00	0.17204
./data/Moss/MOTUS/S-1-POLCOM-G_profile.txt	2.00	5.00	0.71429
./data/Moss/MOTUS/S-8-DICUND-B_profile.txt	4.00	56.00	0.93333
./data/Moss/MOTUS/S-23-POLJUN-B_profile.txt	2.00	19.00	0.90476
./data/Moss/MOTUS/S-8-POLCOM-B_profile.txt	152.00	52.00	0.25490
./data/Moss/MOTUS/S-17-POLPIL-G_profile.txt	2.00	5.00	0.71429
./data/Moss/MOTUS/W-1-POLJUN-G_profile.txt	81.00	7.00	0.07955
./data/Moss/MOTUS/S-12-POLJUN-G_profile.txt	6.00	11.00	0.64706
./data/Moss/MOTUS/S-26-POLPIL-B_profile.txt	79.00	25.00	0.24038
./data/Moss/MOTUS/S-3-POLCOM-B_profile.txt	83.00	35.00	0.29661
./data/Moss/MOTUS/N-2-POLJUN-G_profile.txt	89.00	29.00	0.24576
./data/Moss/MOTUS/S-5-POLCOM-B_profile.txt	95.00	25.00	0.20833
./data/Moss/MOTUS/S-20-POLPIL-B_profile.txt	6.00	9.00	0.60000
./data/Moss/MOTUS/S-14-POLJUN-G_profile.txt	6.00	7.00	0.53846
./data/Moss/MOTUS/S-2-POLJUN-G_profile.txt	87.00	12.00	0.12121
./data/Moss/MOTUS/S-9-POLJUN-G_profile.txt	77.00	9.00	0.10465
./data/Moss/MOTUS/S-11-POLPIL-G_profile.txt	73.00	7.00	0.08750
./data/Moss/MOTUS/S-7-POLPIL-G_profile.txt	2.00	8.00	0.80000
./data/Moss/MOTUS/S-25-POLJUN-B_profile.txt	83.00	28.00	0.25225
./data/Moss/MOTUS/S-7-DICUND-G_profile.txt	9126.00	83.00	0.00901
./data/Moss/MOTUS/S-7-POLCOM-G_profile.txt	85.00	17.00	0.16667
./data/Moss/MOTUS/S-18-POLPIL-B_profile.txt	2.00	16.00	0.88889
./data/Moss/MOTUS/S-22-POLPIL-G_profile.txt	0.00	5.00	1.00000
./data/Moss/MOTUS/S-16-POLJUN-B_profile.txt	4.00	41.00	0.91111
./data/Moss/MOTUS/S-5-DICUND-B_profile.txt	4.00	35.00	0.89744
./data/Moss/MOTUS/S-5-POLPIL-B_profile.txt	89.00	38.00	0.29921
./data/Moss/MOTUS/S-13-POLPIL-B_profile.txt	91.00	29.00	0.24167
./data/Moss/MOTUS/S-2-POLPIL-G_profile.txt	6.00	8.00	0.57143
./data/Moss/MOTUS/S-14-POLPIL-G_profile.txt	4.00	10.00	0.71429
./data/Moss/MOTUS/S-20-POLJUN-B_profile.txt	81.00	16.00	0.16495
./data/Moss/MOTUS/S-9-DICUND-G_profile.txt	2.00	11.00	0.84615
./data/Moss/MOTUS/S-9-POLPIL-G_profile.txt	0.00	6.00	1.00000
./data/Moss/MOTUS/S-25-POLPIL-B_profile.txt	4.00	16.00	0.80000
./data/Moss/MOTUS/S-7-POLJUN-G_profile.txt	0.00	7.00	1.00000
./data/Moss/MOTUS/S-11-POLJUN-G_profile.txt	83.00	12.00	0.12632
./data/Moss/MOTUS/W-2-POLJUN-G_profile.txt	77.00	6.00	0.07229
./data/Moss/MOTUS/S-18-POLJUN-B_profile.txt	9110.00	44.00	0.00481
./data/Moss/MOTUS/S-16-POLPIL-B_profile.txt	16.00	32.00	0.66667
./data/Moss/MOTUS/S-9-POLCOM-G_profile.txt	79.00	10.00	0.11236
./data/Moss/MOTUS/S-22-POLJUN-G_profile.txt	2.00	8.00	0.80000
./data/Moss/MOTUS/S-2-POLCOM-G_profile.txt	75.00	9.00	0.10714
./data/Moss/MOTUS/S-27-POLPIL-G_profile.txt	2.00	2.00	0.50000
./data/Moss/MOTUS/S-13-POLJUN-B_profile.txt	2.00	19.00	0.90476
./data/Moss/MOTUS/S-3-POLJUN-B_profile.txt	93.00	33.00	0.26190
./data/Moss/MOTUS/S-15-POLJUN-B_profile.txt	6.00	21.00	0.77778
./data/Moss/MOTUS/S-21-POLPIL-G_profile.txt	0.00	2.00	1.00000
./data/Moss/MOTUS/S-4-POLCOM-G_profile.txt	77.00	8.00	0.09412
./data/Moss/MOTUS/S-6-DICUND-B_profile.txt	9122.00	69.00	0.00751
./data/Moss/MOTUS/S-24-POLJUN-G_profile.txt	0.00	7.00	1.00000
./data/Moss/MOTUS/S-6-POLPIL-B_profile.txt	14.00	34.00	0.70833
./data/Moss/MOTUS/S-10-POLPIL-B_profile.txt	6.00	8.00	0.57143
./data/Moss/MOTUS/S-8-POLJUN-B_profile.txt	83.00	19.00	0.18627
./data/Moss/MOTUS/S-17-POLJUN-G_profile.txt	2.00	9.00	0.81818
./data/Moss/MOTUS/S-1-POLJUN-G_profile.txt	79.00	6.00	0.07059
./data/Moss/MOTUS/S-23-POLPIL-B_profile.txt	79.00	30.00	0.27523
./data/Moss/MOTUS/N-1-POLJUN-G_profile.txt	85.00	11.00	0.11458
./data/Moss/MOTUS/S-19-POLPIL-G_profile.txt	0.00	2.00	1.00000
./data/Moss/MOTUS/S-6-POLCOM-B_profile.txt	77.00	28.00	0.26667
./data/Moss/MOTUS/S-26-POLJUN-B_profile.txt	75.00	25.00	0.25000
./data/Moss/MOTUS/S-12-POLPIL-G_profile.txt	0.00	14.00	1.00000
./data/Moss/MOTUS/S-4-POLPIL-G_profile.txt	8.00	13.00	0.61905
./data/Moss/MOTUS/S-4-DICUND-G_profile.txt	2.00	8.00	0.80000
./data/Moss/MOTUS/W-3-POLJUN-G_profile.txt	79.00	9.00	0.10227
./data/Moss/MOTUS/S-8-POLPIL-G_profile.txt	0.00	5.00	1.00000
./data/Moss/MOTUS/S-1-POLCOM-B_profile.txt	83.00	23.00	0.21698
./data/Moss/MOTUS/S-8-DICUND-G_profile.txt	2.00	20.00	0.90909
./data/Moss/MOTUS/S-10-POLJUN-G_profile.txt	10.00	9.00	0.47368
./data/Moss/MOTUS/S-24-POLPIL-B_profile.txt	75.00	17.00	0.18478
./data/Moss/MOTUS/S-3-DICUND-G_profile.txt	2.00	19.00	0.90476
./data/Moss/MOTUS/S-21-POLJUN-B_profile.txt	83.00	29.00	0.25893
./data/Moss/MOTUS/S-3-POLPIL-G_profile.txt	2.00	6.00	0.75000
./data/Moss/MOTUS/S-15-POLPIL-G_profile.txt	2.00	5.00	0.71429
./data/Moss/MOTUS/W-2-TORTOR-G_profile.txt	2.00	15.00	0.88235
./data/Moss/MOTUS/S-3-POLCOM-G_profile.txt	73.00	9.00	0.10976
./data/Moss/MOTUS/S-12-POLJUN-B_profile.txt	75.00	34.00	0.31193
./data/Moss/MOTUS/S-26-POLPIL-G_profile.txt	75.00	5.00	0.06250
./data/Moss/MOTUS/S-19-POLJUN-B_profile.txt	83.00	30.00	0.26549
./data/Moss/MOTUS/S-8-POLCOM-G_profile.txt	1245190.10	17.00	0.00001
./data/Moss/MOTUS/S-23-POLJUN-G_profile.txt	0.00	10.00	1.00000
./data/Moss/MOTUS/S-17-POLPIL-B_profile.txt	18.00	28.00	0.60870
./data/Moss/MOTUS/S-1-POLPIL-B_profile.txt	2.00	14.00	0.87500
./data/Moss/MOTUS/S-1-DICUND-B_profile.txt	2.00	30.00	0.93750
./data/Moss/MOTUS/S-7-POLPIL-B_profile.txt	1245186.10	18.00	0.00001
./data/Moss/MOTUS/S-11-POLPIL-B_profile.txt	8.00	11.00	0.57895
./data/Moss/MOTUS/S-25-POLJUN-G_profile.txt	0.00	5.00	1.00000
./data/Moss/MOTUS/S-7-DICUND-B_profile.txt	0.00	18.00	1.00000
./data/Moss/MOTUS/S-9-POLJUN-B_profile.txt	79.00	25.00	0.24038
./data/Moss/MOTUS/S-20-POLPIL-G_profile.txt	0.00	3.00	1.00000
./data/Moss/MOTUS/S-2-POLJUN-B_profile.txt	95.00	32.00	0.25197
./data/Moss/MOTUS/S-14-POLJUN-B_profile.txt	77.00	45.00	0.36885
./data/Moss/MOTUS/S-5-POLCOM-G_profile.txt	83.00	8.00	0.08791
./data/Moss/MOTUS/S-5-DICUND-G_profile.txt	0.00	18.00	1.00000
./data/Moss/MOTUS/S-13-POLPIL-G_profile.txt	4.00	7.00	0.63636
./data/Moss/MOTUS/S-5-POLPIL-G_profile.txt	8.00	19.00	0.70370
./data/Moss/MOTUS/S-27-POLJUN-B_profile.txt	73.00	26.00	0.26263
./data/Moss/MOTUS/S-22-POLPIL-B_profile.txt	75.00	26.00	0.25743
./data/Moss/MOTUS/S-16-POLJUN-G_profile.txt	2.00	3.00	0.60000
./data/Moss/MOTUS/S-7-POLCOM-B_profile.txt	91.00	48.00	0.34532
./data/Moss/MOTUS/S-18-POLPIL-G_profile.txt	77.00	9.00	0.10465
./data/NAFLD/MOTUS/NS40_profile.txt	238.00	234.00	0.49576
./data/NAFLD/MOTUS/NS32_profile.txt	247.00	233.00	0.48542
./data/NAFLD/MOTUS/NS70_profile.txt	117.00	108.00	0.48000
./data/NAFLD/MOTUS/NS86_profile.txt	176.00	210.00	0.54404
./data/NAFLD/MOTUS/NS30_profile.txt	42.00	230.00	0.84559
./data/NAFLD/MOTUS/NS62_profile.txt	94.00	123.00	0.56682
./data/NAFLD/MOTUS/NS72_profile.txt	391.00	248.00	0.38811
./data/NAFLD/MOTUS/NS10_profile.txt	84.00	140.00	0.62500
./data/NAFLD/MOTUS/NS4_profile.txt	172.00	97.00	0.36059
./data/NAFLD/MOTUS/NS29_profile.txt	88.00	238.00	0.73006
./data/NAFLD/MOTUS/NS39_profile.txt	232.00	253.00	0.52165
./data/NAFLD/MOTUS/NS36_profile.txt	190.00	213.00	0.52854
./data/NAFLD/MOTUS/NS79_profile.txt	156.00	185.00	0.54252
./data/NAFLD/MOTUS/NS6_profile.txt	164.00	140.00	0.46053
./data/NAFLD/MOTUS/NS9_profile.txt	212.00	125.00	0.37092
./data/NAFLD/MOTUS/NS34_profile.txt	187.00	61.00	0.24597
./data/NAFLD/MOTUS/NS46_profile.txt	175.00	109.00	0.38380
./data/NAFLD/MOTUS/NS38_profile.txt	187.00	156.00	0.45481
./data/NAFLD/MOTUS/NS81_profile.txt	88.00	80.00	0.47619
./data/NAFLD/MOTUS/NS55_profile.txt	48.00	76.00	0.61290
./data/NAFLD/MOTUS/NS28_profile.txt	236.00	168.00	0.41584
./data/NAFLD/MOTUS/NS27_profile.txt	96.00	229.00	0.70462
./data/NAFLD/MOTUS/NS25_profile.txt	40.00	326.00	0.89071
./data/NAFLD/MOTUS/NS83_profile.txt	181.00	250.00	0.58005
./data/NAFLD/MOTUS/NS58_profile.txt	337.00	273.00	0.44754
./data/NAFLD/MOTUS/NS7_profile.txt	125.00	186.00	0.59807
./data/NAFLD/MOTUS/NS78_profile.txt	96.00	314.00	0.76585
./data/NAFLD/MOTUS/NS77_profile.txt	279.00	167.00	0.37444
./data/NAFLD/MOTUS/NS67_profile.txt	206.00	536.00	0.72237
./data/NAFLD/MOTUS/NS13_profile.txt	40.00	120.00	0.75000
./data/NAFLD/MOTUS/NS71_profile.txt	189.00	301.00	0.61429
./data/NAFLD/MOTUS/NS51_profile.txt	155.00	406.00	0.72371
./data/NAFLD/MOTUS/NS41_profile.txt	222.00	176.00	0.44221
./data/NAFLD/MOTUS/NS11_profile.txt	84.00	129.00	0.60563
./data/NAFLD/MOTUS/NS21_profile.txt	84.00	219.00	0.72277
./data/Olive/MOTUS/_profile.txt	84.00	219.00	0.72277
./data/P19_Gut/MOTUS/GQ33_profile.txt	295.00	342.00	0.53689
./data/P19_Gut/MOTUS/GQ41_profile.txt	267.00	486.00	0.64542
./data/P19_Gut/MOTUS/GQ43_profile.txt	361.00	286.00	0.44204
./data/P19_Gut/MOTUS/GQ53_profile.txt	159.00	485.00	0.75311
./data/P19_Gut/MOTUS/GQ55_profile.txt	243.00	300.00	0.55249
./data/P19_Gut/MOTUS/MSA_3001_profile.txt	12.00	1783.00	0.99331
./data/P19_Gut/MOTUS/GQ38_profile.txt	129.00	393.00	0.75287
./data/P19_Gut/MOTUS/GQ37_profile.txt	309.00	888.00	0.74185
./data/P19_Gut/MOTUS/GQ27_profile.txt	389.00	56.00	0.12584
./data/P19_Gut/MOTUS/GQ28_profile.txt	359.00	42.00	0.10474
./data/P19_Gut/MOTUS/GQ45_profile.txt	252.00	517.00	0.67230
./data/P19_Gut/MOTUS/GQ47_profile.txt	285.00	593.00	0.67540
./data/P19_Gut/MOTUS/GQ48_profile.txt	321.00	727.00	0.69370
./data/P19_Gut/MOTUS/GQ35_profile.txt	498.00	635.00	0.56046
./data/P19_Gut/MOTUS/GQ44_profile.txt	250.00	860.00	0.77477
./data/P19_Gut/MOTUS/GQ29_profile.txt	413.00	607.00	0.59510
./data/P19_Gut/MOTUS/GQ36_profile.txt	328.00	561.00	0.63105
./data/P19_Gut/MOTUS/GQ39_profile.txt	133.00	291.00	0.68632
./data/P19_Gut/MOTUS/GQ54_profile.txt	560.00	491.00	0.46717
./data/P19_Gut/MOTUS/GQ34_profile.txt	508.00	601.00	0.54193
./data/P19_Gut/MOTUS/GQ56_profile.txt	462.00	587.00	0.55958
./data/P19_Gut/MOTUS/GQ49_profile.txt	250.00	568.00	0.69438
./data/P19_Gut/MOTUS/GQ46_profile.txt	299.00	452.00	0.60186
./data/P19_Gut/MOTUS/GQ40_profile.txt	271.00	311.00	0.53436
./data/P19_Gut/MOTUS/GQ32_profile.txt	295.00	603.00	0.67149
./data/P19_Gut/MOTUS/GQ50_profile.txt	28.00	77.00	0.73333
./data/P19_Gut/MOTUS/GQ52_profile.txt	165.00	368.00	0.69043
./data/P19_Gut/MOTUS/GQ42_profile.txt	106.00	271.00	0.71883
./data/P19_Saliva/MOTUS/GQ10_profile.txt	455.00	692.00	0.60331
./data/P19_Saliva/MOTUS/GQ9_profile.txt	421.00	506.00	0.54585
./data/P19_Saliva/MOTUS/GQ6_profile.txt	445.00	602.00	0.57498
./data/P19_Saliva/MOTUS/GQ20_profile.txt	437.00	92.00	0.17391
./data/P19_Saliva/MOTUS/GQ12_profile.txt	389.00	36.00	0.08471
./data/P19_Saliva/MOTUS/GQ4_profile.txt	373.00	31.00	0.07673
./data/P19_Saliva/MOTUS/GQ22_profile.txt	467.00	707.00	0.60221
./data/P19_Saliva/MOTUS/GQ24_profile.txt	403.00	75.00	0.15690
./data/P19_Saliva/MOTUS/GQ2_profile.txt	471.00	295.00	0.38512
./data/P19_Saliva/MOTUS/GQ14_profile.txt	471.00	634.00	0.57376
./data/P19_Saliva/MOTUS/GQ26_profile.txt	385.00	44.00	0.10256
./data/P19_Saliva/MOTUS/GQ19_profile.txt	403.00	60.00	0.12959
./data/P19_Saliva/MOTUS/GQ16_profile.txt	435.00	113.00	0.20620
./data/P19_Saliva/MOTUS/GQ15_profile.txt	443.00	260.00	0.36984
./data/P19_Saliva/MOTUS/GQ25_profile.txt	421.00	46.00	0.09850
./data/P19_Saliva/MOTUS/GQ3_profile.txt	413.00	216.00	0.34340
./data/P19_Saliva/MOTUS/GQ18_profile.txt	417.00	529.00	0.55920
./data/P19_Saliva/MOTUS/GQ1_profile.txt	463.00	56.00	0.10790
./data/P19_Saliva/MOTUS/GQ7_profile.txt	395.00	71.00	0.15236
./data/P19_Saliva/MOTUS/GQ8_profile.txt	427.00	432.00	0.50291
./data/P19_Saliva/MOTUS/GQ21_profile.txt	463.00	732.00	0.61255
./data/P19_Saliva/MOTUS/GQ11_profile.txt	363.00	25.00	0.06443
./data/P19_Saliva/MOTUS/GQ17b_profile.txt	411.00	330.00	0.44534
./data/P19_Saliva/MOTUS/GQ5_profile.txt	447.00	253.00	0.36143
./data/P19_Saliva/MOTUS/GQ23_profile.txt	429.00	191.00	0.30806
./data/P19_Saliva/MOTUS/GQ13_profile.txt	433.00	218.00	0.33487
./data/PD/MOTUS/SRR19064714_profile.txt	266.00	682.00	0.71941
./data/PD/MOTUS/SRR13256651_profile.txt	266.00	682.00	0.71941
./data/PD/MOTUS/SRR19064560_profile.txt	52.00	188.00	0.78333
./data/PD/MOTUS/SRR19064675_profile.txt	52.00	188.00	0.78333
./data/PD/MOTUS/SRR19064401_profile.txt	201.00	402.00	0.66667
./data/PD/MOTUS/SRR19064890_profile.txt	276.00	204.00	0.42500
./data/PD/MOTUS/SRR19064947_profile.txt	267.00	258.00	0.49143
./data/PD/MOTUS/SRR19064829_profile.txt	56.00	142.00	0.71717
./data/PD/MOTUS/SRR19064345_profile.txt	211.00	429.00	0.67031
./data/PD/MOTUS/SRR19064826_profile.txt	94.00	132.00	0.58407
./data/PD/MOTUS/SRR19064948_profile.txt	179.00	193.00	0.51882
./data/PD/MOTUS/SRR19064391_profile.txt	34.00	111.00	0.76552
./data/PD/MOTUS/SRR19064617_profile.txt	171.00	297.00	0.63462
./data/PD/MOTUS/SRR19064779_profile.txt	219.00	231.00	0.51333
./data/PD/MOTUS/SRR19064463_profile.txt	165.00	321.00	0.66049
./data/PD/MOTUS/SRR19065001_profile.txt	182.00	454.00	0.71384
./data/PD/MOTUS/SRR19064776_profile.txt	100.00	99.00	0.49749
./data/PD/MOTUS/SRR19064618_profile.txt	212.00	376.00	0.63946
./data/PD/MOTUS/SRR19064502_profile.txt	82.00	227.00	0.73463
./data/PD/MOTUS/SRR19064993_profile.txt	121.00	193.00	0.61465
./data/PD/MOTUS/SRR19064327_profile.txt	121.00	193.00	0.61465
./data/PD/MOTUS/SRR19064844_profile.txt	121.00	193.00	0.61465
./data/PD/MOTUS/SRR19064328_profile.txt	121.00	193.00	0.61465
./data/PD/MOTUS/SRR19064925_profile.txt	373.00	128.00	0.25549
./data/PD/MOTUS/SRR19064983_profile.txt	194.00	259.00	0.57174
./data/PD/MOTUS/SRR19064608_profile.txt	141.00	308.00	0.68597
./data/PD/MOTUS/SRR19064766_profile.txt	96.00	82.00	0.46067
./data/PD/MOTUS/SRR19064512_profile.txt	203.00	269.00	0.56992
./data/PD/MOTUS/SRR19065011_profile.txt	311.00	207.00	0.39961
./data/PD/MOTUS/SRR19064769_profile.txt	96.00	152.00	0.61290
./data/PD/MOTUS/SRR19064607_profile.txt	96.00	152.00	0.61290
./data/PD/MOTUS/SRR19064473_profile.txt	82.00	140.00	0.63063
./data/PD/MOTUS/SRR19064381_profile.txt	153.00	151.00	0.49671
./data/PD/MOTUS/SRR19064935_profile.txt	52.00	221.00	0.80952
./data/PD/MOTUS/SRR19064338_profile.txt	52.00	221.00	0.80952
./data/PD/MOTUS/SRR19064854_profile.txt	124.00	395.00	0.76108
./data/PD/MOTUS/SRR19064337_profile.txt	124.00	395.00	0.76108
./data/PD/MOTUS/SRR19064880_profile.txt	192.00	261.00	0.57616
./data/PD/MOTUS/SRR19064665_profile.txt	281.00	297.00	0.51384
./data/PD/MOTUS/SRR19064411_profile.txt	101.00	412.00	0.80312
./data/PD/MOTUS/SRR19064704_profile.txt	102.00	213.00	0.67619
./data/PD/MOTUS/SRR19064570_profile.txt	100.00	249.00	0.71347
./data/PD/MOTUS/SRR13256641_profile.txt	100.00	249.00	0.71347
./data/PD/MOTUS/SRR19064958_profile.txt	200.00	115.00	0.36508
./data/PD/MOTUS/SRR19064836_profile.txt	98.00	181.00	0.64875
./data/PD/MOTUS/SRR19064355_profile.txt	86.00	267.00	0.75637
./data/PD/MOTUS/SRR19064839_profile.txt	106.00	105.00	0.49763
./data/PD/MOTUS/SRR19064957_profile.txt	132.00	430.00	0.76512
./data/PD/MOTUS/SRR19064691_profile.txt	227.00	344.00	0.60245
./data/PD/MOTUS/SRR19064317_profile.txt	227.00	344.00	0.60245
./data/PD/MOTUS/SRR19064874_profile.txt	109.00	327.00	0.75000
./data/PD/MOTUS/SRR19064584_profile.txt	277.00	384.00	0.58094
./data/PD/MOTUS/SRR19064318_profile.txt	277.00	384.00	0.58094
./data/PD/MOTUS/SRR19064915_profile.txt	214.00	275.00	0.56237
./data/PD/MOTUS/SRR19064453_profile.txt	95.00	75.00	0.44118
./data/PD/MOTUS/SRR19064627_profile.txt	123.00	300.00	0.70922
./data/PD/MOTUS/SRR19064749_profile.txt	150.00	229.00	0.60422
./data/PD/MOTUS/SRR19064532_profile.txt	247.00	286.00	0.53659
./data/PD/MOTUS/SRR19064746_profile.txt	110.00	175.00	0.61404
./data/PD/MOTUS/SRR19064628_profile.txt	238.00	163.00	0.40648
./data/PD/MOTUS/SRR19065031_profile.txt	190.00	132.00	0.40994
./data/PD/MOTUS/SRR19064792_profile.txt	275.00	289.00	0.51241
./data/PD/MOTUS/SRR19064488_profile.txt	169.00	339.00	0.66732
./data/PD/MOTUS/SRR19064977_profile.txt	196.00	212.00	0.51961
./data/PD/MOTUS/SRR19064819_profile.txt	178.00	223.00	0.55611
./data/PD/MOTUS/SRR19064375_profile.txt	178.00	254.00	0.58796
./data/PD/MOTUS/SRR19064487_profile.txt	178.00	254.00	0.58796
./data/PD/MOTUS/SRR19064816_profile.txt	147.00	182.00	0.55319
./data/PD/MOTUS/SRR19064978_profile.txt	149.00	208.00	0.58263
./data/PD/MOTUS/SRR13256661_profile.txt	149.00	208.00	0.58263
./data/PD/MOTUS/SRR19064550_profile.txt	161.00	340.00	0.67864
./data/PD/MOTUS/SRR19064724_profile.txt	265.00	379.00	0.58851
./data/PD/MOTUS/SRR19064431_profile.txt	179.00	577.00	0.76323
./data/PD/MOTUS/SRR19064645_profile.txt	90.00	95.00	0.51351
./data/PD/MOTUS/SRR19064968_profile.txt	90.00	95.00	0.51351
./data/PD/MOTUS/SRR19064806_profile.txt	94.00	453.00	0.82815
./data/PD/MOTUS/SRR19064497_profile.txt	94.00	453.00	0.82815
./data/PD/MOTUS/SRR19064365_profile.txt	811.00	487.00	0.37519
./data/PD/MOTUS/SRR19064809_profile.txt	322.00	200.00	0.38314
./data/PD/MOTUS/SRR19064967_profile.txt	115.00	123.00	0.51681
./data/PD/MOTUS/SRR19064782_profile.txt	53.00	174.00	0.76652
./data/PD/MOTUS/SRR19064498_profile.txt	84.00	457.00	0.84473
./data/PD/MOTUS/SRR19064421_profile.txt	292.00	266.00	0.47670
./data/PD/MOTUS/SRR19064655_profile.txt	183.00	237.00	0.56429
./data/PD/MOTUS/SRR19064540_profile.txt	118.00	198.00	0.62658
./data/PD/MOTUS/SRR13256671_profile.txt	118.00	198.00	0.62658
./data/PD/MOTUS/SRR19064734_profile.txt	260.00	530.00	0.67089
./data/PD/MOTUS/SRR19064905_profile.txt	243.00	394.00	0.61852
./data/PD/MOTUS/SRR19064594_profile.txt	122.00	258.00	0.67895
./data/PD/MOTUS/SRR19064864_profile.txt	84.00	136.00	0.61818
./data/PD/MOTUS/SRR19064681_profile.txt	181.00	436.00	0.70665
./data/PD/MOTUS/SRR19065021_profile.txt	56.00	143.00	0.71859
./data/PD/MOTUS/SRR19064522_profile.txt	168.00	309.00	0.64780
./data/PD/MOTUS/SRR19064638_profile.txt	198.00	192.00	0.49231
./data/PD/MOTUS/SRR19064756_profile.txt	114.00	101.00	0.46977
./data/PD/MOTUS/SRR19064443_profile.txt	114.00	101.00	0.46977
./data/PD/MOTUS/SRR19064759_profile.txt	110.00	113.00	0.50673
./data/PD/MOTUS/SRR19064637_profile.txt	221.00	197.00	0.47129
./data/PD/MOTUS/SRR19064605_profile.txt	166.00	69.00	0.29362
./data/PD/MOTUS/SRR19064471_profile.txt	228.00	198.00	0.46479
./data/PD/MOTUS/SRR19064383_profile.txt	206.00	180.00	0.46632
./data/PD/MOTUS/SRR19064764_profile.txt	230.00	343.00	0.59860
./data/PD/MOTUS/SRR19064510_profile.txt	104.00	365.00	0.77825
./data/PD/MOTUS/SRR19065013_profile.txt	222.00	307.00	0.58034
./data/PD/MOTUS/SRR19064981_profile.txt	116.00	570.00	0.83090
./data/PD/MOTUS/SRR19064335_profile.txt	116.00	570.00	0.83090
./data/PD/MOTUS/SRR19064856_profile.txt	78.00	167.00	0.68163
./data/PD/MOTUS/SRR19064938_profile.txt	261.00	189.00	0.42000
./data/PD/MOTUS/SRR19064937_profile.txt	42.00	8.00	0.16000
./data/PD/MOTUS/SRR19064859_profile.txt	233.00	233.00	0.50000
./data/PD/MOTUS/SRR19064706_profile.txt	228.00	314.00	0.57934
./data/PD/MOTUS/SRR19064668_profile.txt	318.00	490.00	0.60644
./data/PD/MOTUS/SRR19064572_profile.txt	101.00	168.00	0.62454
./data/PD/MOTUS/SRR13256643_profile.txt	101.00	168.00	0.62454
./data/PD/MOTUS/SRR19064667_profile.txt	518.00	223.00	0.30094
./data/PD/MOTUS/SRR19064709_profile.txt	157.00	130.00	0.45296
./data/PD/MOTUS/SRR19064413_profile.txt	74.00	180.00	0.70866
./data/PD/MOTUS/SRR19064882_profile.txt	147.00	357.00	0.70833
./data/PD/MOTUS/SRR19064358_profile.txt	109.00	533.00	0.83022
./data/PD/MOTUS/SRR19064955_profile.txt	98.00	103.00	0.51244
./data/PD/MOTUS/SRR19064357_profile.txt	222.00	350.00	0.61189
./data/PD/MOTUS/SRR19064834_profile.txt	177.00	392.00	0.68893
./data/PD/MOTUS/SRR19064892_profile.txt	232.00	563.00	0.70818
./data/PD/MOTUS/SRR19064719_profile.txt	60.00	283.00	0.82507
./data/PD/MOTUS/SRR19064677_profile.txt	311.00	88.00	0.22055
./data/PD/MOTUS/SRR19064403_profile.txt	261.00	257.00	0.49614
./data/PD/MOTUS/SRR19064678_profile.txt	173.00	292.00	0.62796
./data/PD/MOTUS/SRR19064716_profile.txt	184.00	411.00	0.69076
./data/PD/MOTUS/SRR13256653_profile.txt	184.00	411.00	0.69076
./data/PD/MOTUS/SRR19064562_profile.txt	218.00	264.00	0.54772
./data/PD/MOTUS/SRR19064824_profile.txt	208.00	383.00	0.64805
./data/PD/MOTUS/SRR19064347_profile.txt	187.00	204.00	0.52174
./data/PD/MOTUS/SRR19064945_profile.txt	241.00	409.00	0.62923
./data/PD/MOTUS/SRR19064348_profile.txt	74.00	117.00	0.61257
./data/PD/MOTUS/SRR19064991_profile.txt	54.00	287.00	0.84164
./data/PD/MOTUS/SRR19065003_profile.txt	142.00	438.00	0.75517
./data/PD/MOTUS/SRR19064774_profile.txt	123.00	299.00	0.70853
./data/PD/MOTUS/SRR19064500_profile.txt	108.00	183.00	0.62887
./data/PD/MOTUS/SRR19064393_profile.txt	286.00	279.00	0.49381
./data/PD/MOTUS/SRR19064615_profile.txt	165.00	273.00	0.62329
./data/PD/MOTUS/SRR19064461_profile.txt	198.00	134.00	0.40361
./data/PD/MOTUS/SRR19064849_profile.txt	64.00	214.00	0.76978
./data/PD/MOTUS/SRR19064927_profile.txt	181.00	192.00	0.51475
./data/PD/MOTUS/SRR19064928_profile.txt	174.00	138.00	0.44231
./data/PD/MOTUS/SRR19064846_profile.txt	160.00	389.00	0.70856
./data/PD/MOTUS/SRR19064325_profile.txt	160.00	389.00	0.70856
./data/PD/MOTUS/SRR19064780_profile.txt	149.00	262.00	0.63747
./data/PD/MOTUS/SRR19064368_profile.txt	36.00	78.00	0.68421
./data/PD/MOTUS/SRR19064965_profile.txt	125.00	251.00	0.66755
./data/PD/MOTUS/SRR19064495_profile.txt	227.00	424.00	0.65131
./data/PD/MOTUS/SRR19064367_profile.txt	94.00	270.00	0.74176
./data/PD/MOTUS/SRR19064804_profile.txt	104.00	287.00	0.73402
./data/PD/MOTUS/SRR19064542_profile.txt	241.00	451.00	0.65173
./data/PD/MOTUS/SRR13256673_profile.txt	241.00	451.00	0.65173
./data/PD/MOTUS/SRR19064736_profile.txt	169.00	263.00	0.60880
./data/PD/MOTUS/SRR19064658_profile.txt	169.00	263.00	0.60880
./data/PD/MOTUS/SRR19064423_profile.txt	155.00	264.00	0.63007
./data/PD/MOTUS/SRR19064657_profile.txt	226.00	531.00	0.70145
./data/PD/MOTUS/SRR19064739_profile.txt	119.00	226.00	0.65507
./data/PD/MOTUS/SRR19064683_profile.txt	157.00	174.00	0.52568
./data/PD/MOTUS/SRR19064599_profile.txt	343.00	196.00	0.36364
./data/PD/MOTUS/SRR19064866_profile.txt	242.00	304.00	0.55678
./data/PD/MOTUS/SRR19064908_profile.txt	135.00	314.00	0.69933
./data/PD/MOTUS/SRR19064596_profile.txt	221.00	258.00	0.53862
./data/PD/MOTUS/SRR19064907_profile.txt	511.00	566.00	0.52553
./data/PD/MOTUS/SRR19064869_profile.txt	48.00	130.00	0.73034
./data/PD/MOTUS/SRR19064441_profile.txt	219.00	343.00	0.61032
./data/PD/MOTUS/SRR19064635_profile.txt	106.00	306.00	0.74272
./data/PD/MOTUS/SRR19065023_profile.txt	251.00	238.00	0.48671
./data/PD/MOTUS/SRR19064520_profile.txt	123.00	268.00	0.68542
./data/PD/MOTUS/SRR19064754_profile.txt	92.00	124.00	0.57407
./data/PD/MOTUS/SRR19064879_profile.txt	174.00	225.00	0.56391
./data/PD/MOTUS/SRR19064917_profile.txt	426.00	507.00	0.54341
./data/PD/MOTUS/SRR19064586_profile.txt	187.00	385.00	0.67308
./data/PD/MOTUS/SRR19064918_profile.txt	92.00	833.00	0.90054
./data/PD/MOTUS/SRR19064876_profile.txt	111.00	607.00	0.84540
./data/PD/MOTUS/SRR19064693_profile.txt	369.00	251.00	0.40484
./data/PD/MOTUS/SRR19064589_profile.txt	154.00	492.00	0.76161
./data/PD/MOTUS/SRR19064530_profile.txt	134.00	433.00	0.76367
./data/PD/MOTUS/SRR19064744_profile.txt	108.00	225.00	0.67568
./data/PD/MOTUS/SRR19065033_profile.txt	86.00	186.00	0.68382
./data/PD/MOTUS/SRR19064451_profile.txt	161.00	335.00	0.67540
./data/PD/MOTUS/SRR19064625_profile.txt	106.00	385.00	0.78411
./data/PD/MOTUS/SRR19064814_profile.txt	46.00	392.00	0.89498
./data/PD/MOTUS/SRR19064377_profile.txt	218.00	227.00	0.51011
./data/PD/MOTUS/SRR19064485_profile.txt	380.00	169.00	0.30783
./data/PD/MOTUS/SRR19064975_profile.txt	169.00	209.00	0.55291
./data/PD/MOTUS/SRR19064378_profile.txt	38.00	132.00	0.77647
./data/PD/MOTUS/SRR19064790_profile.txt	107.00	159.00	0.59774
./data/PD/MOTUS/SRR19064433_profile.txt	182.00	274.00	0.60088
./data/PD/MOTUS/SRR19064729_profile.txt	248.00	414.00	0.62538
./data/PD/MOTUS/SRR19064647_profile.txt	105.00	420.00	0.80000
./data/PD/MOTUS/SRR13256663_profile.txt	105.00	420.00	0.80000
./data/PD/MOTUS/SRR19064552_profile.txt	187.00	380.00	0.67019
./data/PD/MOTUS/SRR19064648_profile.txt	187.00	380.00	0.67019
./data/PD/MOTUS/SRR19064726_profile.txt	46.00	121.00	0.72455
./data/PD/MOTUS/SRR19064458_profile.txt	115.00	156.00	0.57565
./data/PD/MOTUS/SRR19064536_profile.txt	102.00	325.00	0.76112
./data/PD/MOTUS/SRR19064742_profile.txt	88.00	274.00	0.75691
./data/PD/MOTUS/SRR19065035_profile.txt	74.00	379.00	0.83664
./data/PD/MOTUS/SRR19064539_profile.txt	275.00	724.00	0.72472
./data/PD/MOTUS/SRR19064457_profile.txt	158.00	82.00	0.34167
./data/PD/MOTUS/SRR19064623_profile.txt	216.00	277.00	0.56187
./data/PD/MOTUS/SRR19064580_profile.txt	153.00	316.00	0.67377
./data/PD/MOTUS/SRR19064911_profile.txt	184.00	223.00	0.54791
./data/PD/MOTUS/SRR19064695_profile.txt	104.00	211.00	0.66984
./data/PD/MOTUS/SRR19064870_profile.txt	88.00	207.00	0.70169
./data/PD/MOTUS/SRR19064435_profile.txt	102.00	285.00	0.73643
./data/PD/MOTUS/SRR19064641_profile.txt	286.00	417.00	0.59317
./data/PD/MOTUS/SRR19064554_profile.txt	129.00	367.00	0.73992
./data/PD/MOTUS/SRR13256665_profile.txt	129.00	367.00	0.73992
./data/PD/MOTUS/SRR19064720_profile.txt	96.00	153.00	0.61446
./data/PD/MOTUS/SRR19064371_profile.txt	290.00	134.00	0.31604
./data/PD/MOTUS/SRR19064799_profile.txt	251.00	387.00	0.60658
./data/PD/MOTUS/SRR19064483_profile.txt	124.00	356.00	0.74167
./data/PD/MOTUS/SRR19064812_profile.txt	177.00	349.00	0.66350
./data/PD/MOTUS/SRR19064796_profile.txt	220.00	306.00	0.58175
./data/PD/MOTUS/SRR19064973_profile.txt	448.00	328.00	0.42268
./data/PD/MOTUS/SRR13256675_profile.txt	448.00	328.00	0.42268
./data/PD/MOTUS/SRR19064544_profile.txt	152.00	294.00	0.65919
./data/PD/MOTUS/SRR19064730_profile.txt	40.00	102.00	0.71831
./data/PD/MOTUS/SRR19064425_profile.txt	255.00	146.00	0.36409
./data/PD/MOTUS/SRR19064651_profile.txt	238.00	368.00	0.60726
./data/PD/MOTUS/SRR19064963_profile.txt	560.00	329.00	0.37008
./data/PD/MOTUS/SRR19064786_profile.txt	221.00	133.00	0.37571
./data/PD/MOTUS/SRR19064802_profile.txt	163.00	291.00	0.64097
./data/PD/MOTUS/SRR19064789_profile.txt	211.00	302.00	0.58869
./data/PD/MOTUS/SRR19064493_profile.txt	88.00	127.00	0.59070
./data/PD/MOTUS/SRR19064361_profile.txt	242.00	83.00	0.25538
./data/PD/MOTUS/SRR19064447_profile.txt	138.00	235.00	0.63003
./data/PD/MOTUS/SRR19064529_profile.txt	70.00	417.00	0.85626
./data/PD/MOTUS/SRR19064633_profile.txt	388.00	285.00	0.42348
./data/PD/MOTUS/SRR19065025_profile.txt	132.00	232.00	0.63736
./data/PD/MOTUS/SRR19064526_profile.txt	246.00	397.00	0.61742
./data/PD/MOTUS/SRR19064448_profile.txt	237.00	501.00	0.67886
./data/PD/MOTUS/SRR19064752_profile.txt	175.00	326.00	0.65070
./data/PD/MOTUS/SRR19064860_profile.txt	52.00	128.00	0.71111
./data/PD/MOTUS/SRR19064685_profile.txt	52.00	128.00	0.71111
./data/PD/MOTUS/SRR19064901_profile.txt	511.00	340.00	0.39953
./data/PD/MOTUS/SRR19064590_profile.txt	253.00	824.00	0.76509
./data/PD/MOTUS/SRR19064341_profile.txt	126.00	382.00	0.75197
./data/PD/MOTUS/SRR19064822_profile.txt	48.00	205.00	0.81028
./data/PD/MOTUS/SRR19064943_profile.txt	121.00	224.00	0.64928
./data/PD/MOTUS/SRR19064671_profile.txt	248.00	422.00	0.62985
./data/PD/MOTUS/SRR19064405_profile.txt	136.00	106.00	0.43802
./data/PD/MOTUS/SRR19064894_profile.txt	444.00	514.00	0.53653
./data/PD/MOTUS/SRR19064710_profile.txt	284.00	118.00	0.29353
./data/PD/MOTUS/SRR19064564_profile.txt	173.00	295.00	0.63034
./data/PD/MOTUS/SRR13256655_profile.txt	173.00	295.00	0.63034
./data/PD/MOTUS/SRR19064921_profile.txt	178.00	297.00	0.62526
./data/PD/MOTUS/SRR19064323_profile.txt	178.00	297.00	0.62526
./data/PD/MOTUS/SRR19064840_profile.txt	240.00	339.00	0.58549
./data/PD/MOTUS/SRR19065005_profile.txt	208.00	177.00	0.45974
./data/PD/MOTUS/SRR19064772_profile.txt	44.00	139.00	0.75956
./data/PD/MOTUS/SRR13256637_profile.txt	44.00	139.00	0.75956
./data/PD/MOTUS/SRR19064468_profile.txt	51.00	112.00	0.68712
./data/PD/MOTUS/SRR19064506_profile.txt	197.00	338.00	0.63178
./data/PD/MOTUS/SRR19064997_profile.txt	292.00	225.00	0.43520
./data/PD/MOTUS/SRR19064395_profile.txt	173.00	253.00	0.59390
./data/PD/MOTUS/SRR19064613_profile.txt	210.00	291.00	0.58084
./data/PD/MOTUS/SRR19064509_profile.txt	162.00	90.00	0.35714
./data/PD/MOTUS/SRR13256638_profile.txt	162.00	90.00	0.35714
./data/PD/MOTUS/SRR19064467_profile.txt	84.00	110.00	0.56701
./data/PD/MOTUS/SRR19064998_profile.txt	97.00	210.00	0.68404
./data/PD/MOTUS/SRR19064850_profile.txt	193.00	247.00	0.56136
./data/PD/MOTUS/SRR19064333_profile.txt	193.00	247.00	0.56136
./data/PD/MOTUS/SRR19064931_profile.txt	212.00	114.00	0.34969
./data/PD/MOTUS/SRR19064988_profile.txt	346.00	521.00	0.60092
./data/PD/MOTUS/SRR19064603_profile.txt	206.00	239.00	0.53708
./data/PD/MOTUS/SRR19064477_profile.txt	144.00	353.00	0.71026
./data/PD/MOTUS/SRR19064519_profile.txt	66.00	162.00	0.71053
./data/PD/MOTUS/SRR19064385_profile.txt	34.00	95.00	0.73643
./data/PD/MOTUS/SRR19064987_profile.txt	271.00	230.00	0.45908
./data/PD/MOTUS/SRR19064762_profile.txt	146.00	409.00	0.73694
./data/PD/MOTUS/SRR19064516_profile.txt	164.00	106.00	0.39259
./data/PD/MOTUS/SRR19064478_profile.txt	261.00	389.00	0.59846
./data/PD/MOTUS/SRR19065015_profile.txt	190.00	134.00	0.41358
./data/PD/MOTUS/SRR19064953_profile.txt	56.00	132.00	0.70213
./data/PD/MOTUS/SRR19064832_profile.txt	216.00	298.00	0.57977
./data/PD/MOTUS/SRR19064351_profile.txt	96.00	216.00	0.69231
./data/PD/MOTUS/SRR19064700_profile.txt	452.00	134.00	0.22867
./data/PD/MOTUS/SRR13256645_profile.txt	452.00	134.00	0.22867
./data/PD/MOTUS/SRR19064574_profile.txt	50.00	188.00	0.78992
./data/PD/MOTUS/SRR19064884_profile.txt	118.00	408.00	0.77567
./data/PD/MOTUS/SRR19064661_profile.txt	40.00	257.00	0.86532
./data/PD/MOTUS/SRR19064415_profile.txt	226.00	263.00	0.53783
./data/PD/MOTUS/SRR19064549_profile.txt	76.00	162.00	0.68067
./data/PD/MOTUS/SRR19064427_profile.txt	251.00	195.00	0.43722
./data/PD/MOTUS/SRR19064653_profile.txt	323.00	103.00	0.24178
./data/PD/MOTUS/SRR19064428_profile.txt	24.00	187.00	0.88626
./data/PD/MOTUS/SRR19064546_profile.txt	251.00	222.00	0.46934
./data/PD/MOTUS/SRR19064732_profile.txt	124.00	170.00	0.57823
./data/PD/MOTUS/SRR19064491_profile.txt	409.00	226.00	0.35591
./data/PD/MOTUS/SRR19064363_profile.txt	409.00	226.00	0.35591
./data/PD/MOTUS/SRR19064800_profile.txt	96.00	199.00	0.67458
./data/PD/MOTUS/SRR19064784_profile.txt	64.00	143.00	0.69082
./data/PD/MOTUS/SRR19064961_profile.txt	108.00	135.00	0.55556
./data/PD/MOTUS/SRR19065027_profile.txt	182.00	174.00	0.48876
./data/PD/MOTUS/SRR19064524_profile.txt	133.00	154.00	0.53659
./data/PD/MOTUS/SRR19064750_profile.txt	124.00	524.00	0.80864
./data/PD/MOTUS/SRR19065028_profile.txt	178.00	582.00	0.76579
./data/PD/MOTUS/SRR19064445_profile.txt	416.00	460.00	0.52511
./data/PD/MOTUS/SRR19064631_profile.txt	224.00	216.00	0.49091
./data/PD/MOTUS/SRR19064688_profile.txt	298.00	197.00	0.39798
./data/PD/MOTUS/SRR19064592_profile.txt	218.00	210.00	0.49065
./data/PD/MOTUS/SRR19064903_profile.txt	218.00	210.00	0.49065
./data/PD/MOTUS/SRR19064687_profile.txt	501.00	376.00	0.42873
./data/PD/MOTUS/SRR19064862_profile.txt	118.00	268.00	0.69430
./data/PD/MOTUS/SRR19064455_profile.txt	133.00	728.00	0.84553
./data/PD/MOTUS/SRR19064621_profile.txt	24.00	70.00	0.74468
./data/PD/MOTUS/SRR19065038_profile.txt	111.00	187.00	0.62752
./data/PD/MOTUS/SRR19064534_profile.txt	111.00	187.00	0.62752
./data/PD/MOTUS/SRR19064740_profile.txt	135.00	352.00	0.72279
./data/PD/MOTUS/SRR19065037_profile.txt	217.00	623.00	0.74167
./data/PD/MOTUS/SRR19064872_profile.txt	159.00	337.00	0.67944
./data/PD/MOTUS/SRR19064697_profile.txt	34.00	245.00	0.87814
./data/PD/MOTUS/SRR19064913_profile.txt	186.00	454.00	0.70937
./data/PD/MOTUS/SRR19064698_profile.txt	157.00	362.00	0.69750
./data/PD/MOTUS/SRR19064582_profile.txt	50.00	120.00	0.70588
./data/PD/MOTUS/SRR19064556_profile.txt	50.00	120.00	0.70588
./data/PD/MOTUS/SRR19064438_profile.txt	206.00	534.00	0.72162
./data/PD/MOTUS/SRR13256667_profile.txt	206.00	534.00	0.72162
./data/PD/MOTUS/SRR19064722_profile.txt	62.00	270.00	0.81325
./data/PD/MOTUS/SRR19064437_profile.txt	56.00	311.00	0.84741
./data/PD/MOTUS/SRR13256668_profile.txt	56.00	311.00	0.84741
./data/PD/MOTUS/SRR19064559_profile.txt	116.00	1326.00	0.91956
./data/PD/MOTUS/SRR19064643_profile.txt	179.00	574.00	0.76228
./data/PD/MOTUS/SRR19064971_profile.txt	239.00	248.00	0.50924
./data/PD/MOTUS/SRR19064794_profile.txt	62.00	37.00	0.37374
./data/PD/MOTUS/SRR19064810_profile.txt	56.00	121.00	0.68362
./data/PD/MOTUS/SRR19064373_profile.txt	56.00	121.00	0.68362
./data/PD/MOTUS/SRR19064481_profile.txt	371.00	472.00	0.55991
./data/PD/MOTUS/SRR19064933_profile.txt	135.00	204.00	0.60177
./data/PD/MOTUS/SRR19064331_profile.txt	135.00	204.00	0.60177
./data/PD/MOTUS/SRR19064852_profile.txt	185.00	595.00	0.76282
./data/PD/MOTUS/SRR19064760_profile.txt	259.00	480.00	0.64953
./data/PD/MOTUS/SRR19064514_profile.txt	117.00	203.00	0.63438
./data/PD/MOTUS/SRR19065017_profile.txt	226.00	120.00	0.34682
./data/PD/MOTUS/SRR19064388_profile.txt	88.00	156.00	0.63934
./data/PD/MOTUS/SRR19064985_profile.txt	88.00	156.00	0.63934
./data/PD/MOTUS/SRR19064601_profile.txt	2375.00	444.00	0.15750
./data/PD/MOTUS/SRR19064475_profile.txt	120.00	754.00	0.86270
./data/PD/MOTUS/SRR19064387_profile.txt	52.00	78.00	0.60000
./data/PD/MOTUS/SRR19065018_profile.txt	110.00	101.00	0.47867
./data/PD/MOTUS/SRR19064353_profile.txt	120.00	368.00	0.75410
./data/PD/MOTUS/SRR19064830_profile.txt	163.00	213.00	0.56649
./data/PD/MOTUS/SRR19064951_profile.txt	62.00	97.00	0.61006
./data/PD/MOTUS/SRR19064663_profile.txt	271.00	712.00	0.72431
./data/PD/MOTUS/SRR19064579_profile.txt	156.00	272.00	0.63551
./data/PD/MOTUS/SRR13256648_profile.txt	156.00	272.00	0.63551
./data/PD/MOTUS/SRR19064417_profile.txt	151.00	229.00	0.60263
./data/PD/MOTUS/SRR19064886_profile.txt	92.00	174.00	0.65414
./data/PD/MOTUS/SRR19064702_profile.txt	92.00	174.00	0.65414
./data/PD/MOTUS/SRR13256647_profile.txt	92.00	174.00	0.65414
./data/PD/MOTUS/SRR19064418_profile.txt	107.00	281.00	0.72423
./data/PD/MOTUS/SRR19064576_profile.txt	86.00	250.00	0.74405
./data/PD/MOTUS/SRR19064889_profile.txt	98.00	146.00	0.59836
./data/PD/MOTUS/SRR19064941_profile.txt	118.00	187.00	0.61311
./data/PD/MOTUS/SRR19064820_profile.txt	135.00	184.00	0.57680
./data/PD/MOTUS/SRR19064343_profile.txt	188.00	447.00	0.70394
./data/PD/MOTUS/SRR19064899_profile.txt	236.00	190.00	0.44601
./data/PD/MOTUS/SRR19064712_profile.txt	98.00	292.00	0.74872
./data/PD/MOTUS/SRR19064566_profile.txt	365.00	155.00	0.29808
./data/PD/MOTUS/SRR13256657_profile.txt	365.00	155.00	0.29808
./data/PD/MOTUS/SRR19064408_profile.txt	48.00	125.00	0.72254
./data/PD/MOTUS/SRR19064896_profile.txt	495.00	413.00	0.45485
./data/PD/MOTUS/SRR19064673_profile.txt	219.00	260.00	0.54280
./data/PD/MOTUS/SRR13256658_profile.txt	219.00	260.00	0.54280
./data/PD/MOTUS/SRR19064407_profile.txt	353.00	321.00	0.47626
./data/PD/MOTUS/SRR19064569_profile.txt	238.00	245.00	0.50725
./data/PD/MOTUS/SRR19064842_profile.txt	228.00	301.00	0.56900
./data/PD/MOTUS/SRR19064321_profile.txt	228.00	301.00	0.56900
./data/PD/MOTUS/SRR19064923_profile.txt	279.00	320.00	0.53422
./data/PD/MOTUS/SRR19065008_profile.txt	94.00	206.00	0.68667
./data/PD/MOTUS/SRR19064397_profile.txt	124.00	339.00	0.73218
./data/PD/MOTUS/SRR19064611_profile.txt	222.00	304.00	0.57795
./data/PD/MOTUS/SRR19064465_profile.txt	174.00	189.00	0.52066
./data/PD/MOTUS/SRR19064995_profile.txt	280.00	715.00	0.71859
./data/PD/MOTUS/SRR19064398_profile.txt	257.00	235.00	0.47764
./data/PD/MOTUS/SRR19065007_profile.txt	193.00	448.00	0.69891
./data/PD/MOTUS/SRR19064770_profile.txt	119.00	237.00	0.66573
./data/PD/MOTUS/SRR19064504_profile.txt	76.00	249.00	0.76615
./data/PD/MOTUS/SRR19064350_profile.txt	60.00	103.00	0.63190
./data/PD/MOTUS/SRR19064833_profile.txt	92.00	224.00	0.70886
./data/PD/MOTUS/SRR19064952_profile.txt	44.00	43.00	0.49425
./data/PD/MOTUS/SRR19064414_profile.txt	212.00	137.00	0.39255
./data/PD/MOTUS/SRR19064660_profile.txt	98.00	284.00	0.74346
./data/PD/MOTUS/SRR19064885_profile.txt	86.00	208.00	0.70748
./data/PD/MOTUS/SRR13256644_profile.txt	86.00	208.00	0.70748
./data/PD/MOTUS/SRR19064575_profile.txt	86.00	208.00	0.70748
./data/PD/MOTUS/SRR19064701_profile.txt	44.00	224.00	0.83582
./data/PD/MOTUS/SRR19064930_profile.txt	60.00	112.00	0.65116
./data/PD/MOTUS/SRR19064332_profile.txt	60.00	112.00	0.65116
./data/PD/MOTUS/SRR19064851_profile.txt	110.00	333.00	0.75169
./data/PD/MOTUS/SRR19064517_profile.txt	88.00	395.00	0.81781
./data/PD/MOTUS/SRR19064479_profile.txt	112.00	62.00	0.35632
./data/PD/MOTUS/SRR19064763_profile.txt	146.00	374.00	0.71923
./data/PD/MOTUS/SRR19065014_profile.txt	160.00	214.00	0.57219
./data/PD/MOTUS/SRR19064986_profile.txt	131.00	272.00	0.67494
./data/PD/MOTUS/SRR19064476_profile.txt	420.00	315.00	0.42857
./data/PD/MOTUS/SRR19064518_profile.txt	122.00	140.00	0.53435
./data/PD/MOTUS/SRR19064602_profile.txt	147.00	231.00	0.61111
./data/PD/MOTUS/SRR19064384_profile.txt	52.00	237.00	0.82007
./data/PD/MOTUS/SRR19064989_profile.txt	44.00	344.00	0.88660
./data/PD/MOTUS/SRR19064841_profile.txt	74.00	257.00	0.77644
./data/PD/MOTUS/SRR19064322_profile.txt	74.00	257.00	0.77644
./data/PD/MOTUS/SRR19064920_profile.txt	198.00	233.00	0.54060
./data/PD/MOTUS/SRR19064999_profile.txt	151.00	559.00	0.78732
./data/PD/MOTUS/SRR19064394_profile.txt	253.00	404.00	0.61492
./data/PD/MOTUS/SRR19064508_profile.txt	118.00	416.00	0.77903
./data/PD/MOTUS/SRR13256639_profile.txt	118.00	416.00	0.77903
./data/PD/MOTUS/SRR19064466_profile.txt	138.00	192.00	0.58182
./data/PD/MOTUS/SRR19064612_profile.txt	130.00	511.00	0.79719
./data/PD/MOTUS/SRR19064996_profile.txt	212.00	155.00	0.42234
./data/PD/MOTUS/SRR19065004_profile.txt	378.00	158.00	0.29478
./data/PD/MOTUS/SRR19064469_profile.txt	217.00	239.00	0.52412
./data/PD/MOTUS/SRR19064507_profile.txt	217.00	239.00	0.52412
./data/PD/MOTUS/SRR19064773_profile.txt	74.00	406.00	0.84583
./data/PD/MOTUS/SRR19064942_profile.txt	58.00	159.00	0.73272
./data/PD/MOTUS/SRR19064823_profile.txt	115.00	60.00	0.34286
./data/PD/MOTUS/SRR19064340_profile.txt	115.00	60.00	0.34286
./data/PD/MOTUS/SRR19064565_profile.txt	226.00	306.00	0.57519
./data/PD/MOTUS/SRR13256654_profile.txt	226.00	306.00	0.57519
./data/PD/MOTUS/SRR19064711_profile.txt	124.00	254.00	0.67196
./data/PD/MOTUS/SRR19064895_profile.txt	159.00	273.00	0.63194
./data/PD/MOTUS/SRR19064404_profile.txt	159.00	273.00	0.63194
./data/PD/MOTUS/SRR19064670_profile.txt	275.00	521.00	0.65452
./data/PD/MOTUS/SRR19065024_profile.txt	94.00	218.00	0.69872
./data/PD/MOTUS/SRR19064753_profile.txt	228.00	439.00	0.65817
./data/PD/MOTUS/SRR19064527_profile.txt	124.00	243.00	0.66213
./data/PD/MOTUS/SRR19064449_profile.txt	212.00	145.00	0.40616
./data/PD/MOTUS/SRR19064632_profile.txt	110.00	236.00	0.68208
./data/PD/MOTUS/SRR19064446_profile.txt	110.00	236.00	0.68208
./data/PD/MOTUS/SRR19064528_profile.txt	136.00	436.00	0.76224
./data/PD/MOTUS/SRR19064591_profile.txt	112.00	1078.00	0.90588
./data/PD/MOTUS/SRR19064900_profile.txt	112.00	1078.00	0.90588
./data/PD/MOTUS/SRR19064684_profile.txt	339.00	255.00	0.42929
./data/PD/MOTUS/SRR19064861_profile.txt	248.00	347.00	0.58319
./data/PD/MOTUS/SRR19064650_profile.txt	112.00	257.00	0.69648
./data/PD/MOTUS/SRR19064424_profile.txt	420.00	211.00	0.33439
./data/PD/MOTUS/SRR19064731_profile.txt	243.00	360.00	0.59701
./data/PD/MOTUS/SRR13256674_profile.txt	243.00	360.00	0.59701
./data/PD/MOTUS/SRR19064545_profile.txt	128.00	357.00	0.73608
./data/PD/MOTUS/SRR19064492_profile.txt	163.00	255.00	0.61005
./data/PD/MOTUS/SRR19064788_profile.txt	165.00	181.00	0.52312
./data/PD/MOTUS/SRR19064360_profile.txt	143.00	97.00	0.40417
./data/PD/MOTUS/SRR19064803_profile.txt	182.00	291.00	0.61522
./data/PD/MOTUS/SRR19064787_profile.txt	102.00	219.00	0.68224
./data/PD/MOTUS/SRR19064962_profile.txt	108.00	253.00	0.70083
./data/PD/MOTUS/SRR19064721_profile.txt	114.00	175.00	0.60554
./data/PD/MOTUS/SRR19064555_profile.txt	50.00	134.00	0.72826
./data/PD/MOTUS/SRR13256664_profile.txt	50.00	134.00	0.72826
./data/PD/MOTUS/SRR19064640_profile.txt	211.00	277.00	0.56762
./data/PD/MOTUS/SRR19064434_profile.txt	369.00	132.00	0.26347
./data/PD/MOTUS/SRR19064972_profile.txt	207.00	416.00	0.66774
./data/PD/MOTUS/SRR19064797_profile.txt	257.00	217.00	0.45781
./data/PD/MOTUS/SRR19064813_profile.txt	257.00	217.00	0.45781
./data/PD/MOTUS/SRR19064370_profile.txt	76.00	96.00	0.55814
./data/PD/MOTUS/SRR19064482_profile.txt	76.00	96.00	0.55814
./data/PD/MOTUS/SRR19064798_profile.txt	237.00	428.00	0.64361
./data/PD/MOTUS/SRR19064622_profile.txt	237.00	428.00	0.64361
./data/PD/MOTUS/SRR19064538_profile.txt	195.00	271.00	0.58155
./data/PD/MOTUS/SRR19064456_profile.txt	157.00	168.00	0.51692
./data/PD/MOTUS/SRR19064743_profile.txt	62.00	224.00	0.78322
./data/PD/MOTUS/SRR19064459_profile.txt	52.00	43.00	0.45263
./data/PD/MOTUS/SRR19064537_profile.txt	222.00	249.00	0.52866
./data/PD/MOTUS/SRR19065034_profile.txt	175.00	516.00	0.74674
./data/PD/MOTUS/SRR19064871_profile.txt	50.00	228.00	0.82014
./data/PD/MOTUS/SRR19064694_profile.txt	92.00	209.00	0.69435
./data/PD/MOTUS/SRR19064910_profile.txt	245.00	208.00	0.45916
./data/PD/MOTUS/SRR19064581_profile.txt	110.00	99.00	0.47368
./data/PD/MOTUS/SRR19064922_profile.txt	210.00	153.00	0.42149
./data/PD/MOTUS/SRR19064320_profile.txt	210.00	153.00	0.42149
./data/PD/MOTUS/SRR19064843_profile.txt	123.00	352.00	0.74105
./data/PD/MOTUS/SRR19064399_profile.txt	98.00	254.00	0.72159
./data/PD/MOTUS/SRR19065006_profile.txt	90.00	253.00	0.73761
./data/PD/MOTUS/SRR19064505_profile.txt	154.00	268.00	0.63507
./data/PD/MOTUS/SRR19064771_profile.txt	171.00	260.00	0.60325
./data/PD/MOTUS/SRR19064994_profile.txt	171.00	260.00	0.60325
./data/PD/MOTUS/SRR19065009_profile.txt	160.00	287.00	0.64206
./data/PD/MOTUS/SRR19064396_profile.txt	160.00	287.00	0.64206
./data/PD/MOTUS/SRR19064464_profile.txt	176.00	546.00	0.75623
./data/PD/MOTUS/SRR19064610_profile.txt	372.00	97.00	0.20682
./data/PD/MOTUS/SRR19064342_profile.txt	391.00	349.00	0.47162
./data/PD/MOTUS/SRR19064821_profile.txt	102.00	216.00	0.67925
./data/PD/MOTUS/SRR19064940_profile.txt	141.00	82.00	0.36771
./data/PD/MOTUS/SRR13256659_profile.txt	141.00	82.00	0.36771
./data/PD/MOTUS/SRR19064406_profile.txt	42.00	116.00	0.73418
./data/PD/MOTUS/SRR19064568_profile.txt	151.00	234.00	0.60779
./data/PD/MOTUS/SRR19064672_profile.txt	100.00	151.00	0.60159
./data/PD/MOTUS/SRR19064897_profile.txt	508.00	316.00	0.38350
./data/PD/MOTUS/SRR19064567_profile.txt	508.00	316.00	0.38350
./data/PD/MOTUS/SRR13256656_profile.txt	508.00	316.00	0.38350
./data/PD/MOTUS/SRR19064409_profile.txt	189.00	165.00	0.46610
./data/PD/MOTUS/SRR19064713_profile.txt	181.00	677.00	0.78904
./data/PD/MOTUS/SRR19064898_profile.txt	155.00	463.00	0.74919
./data/PD/MOTUS/SRR19064950_profile.txt	374.00	89.00	0.19222
./data/PD/MOTUS/SRR19064831_profile.txt	132.00	456.00	0.77551
./data/PD/MOTUS/SRR19064352_profile.txt	94.00	146.00	0.60833
./data/PD/MOTUS/SRR19064888_profile.txt	303.00	85.00	0.21907
./data/PD/MOTUS/SRR13256646_profile.txt	303.00	85.00	0.21907
./data/PD/MOTUS/SRR19064419_profile.txt	303.00	85.00	0.21907
./data/PD/MOTUS/SRR19064577_profile.txt	99.00	151.00	0.60400
./data/PD/MOTUS/SRR19064703_profile.txt	135.00	32.00	0.19162
./data/PD/MOTUS/SRR19064887_profile.txt	496.00	200.00	0.28736
./data/PD/MOTUS/SRR19064578_profile.txt	496.00	200.00	0.28736
./data/PD/MOTUS/SRR13256649_profile.txt	496.00	200.00	0.28736
./data/PD/MOTUS/SRR19064416_profile.txt	148.00	162.00	0.52258
./data/PD/MOTUS/SRR19064662_profile.txt	114.00	583.00	0.83644
./data/PD/MOTUS/SRR19064853_profile.txt	223.00	175.00	0.43970
./data/PD/MOTUS/SRR19064330_profile.txt	223.00	175.00	0.43970
./data/PD/MOTUS/SRR19064932_profile.txt	134.00	381.00	0.73981
./data/PD/MOTUS/SRR19064474_profile.txt	151.00	170.00	0.52960
./data/PD/MOTUS/SRR19064600_profile.txt	92.00	188.00	0.67143
./data/PD/MOTUS/SRR19064386_profile.txt	147.00	196.00	0.57143
./data/PD/MOTUS/SRR19065019_profile.txt	115.00	163.00	0.58633
./data/PD/MOTUS/SRR19064984_profile.txt	252.00	388.00	0.60625
./data/PD/MOTUS/SRR19064515_profile.txt	598.00	114.00	0.16011
./data/PD/MOTUS/SRR19064761_profile.txt	44.00	89.00	0.66917
./data/PD/MOTUS/SRR19065016_profile.txt	190.00	137.00	0.41896
./data/PD/MOTUS/SRR19064389_profile.txt	263.00	312.00	0.54261
./data/PD/MOTUS/SRR19064642_profile.txt	263.00	312.00	0.54261
./data/PD/MOTUS/SRR19064436_profile.txt	554.00	403.00	0.42111
./data/PD/MOTUS/SRR13256669_profile.txt	554.00	403.00	0.42111
./data/PD/MOTUS/SRR19064558_profile.txt	323.00	164.00	0.33676
./data/PD/MOTUS/SRR19064723_profile.txt	171.00	94.00	0.35472
./data/PD/MOTUS/SRR19064557_profile.txt	171.00	94.00	0.35472
./data/PD/MOTUS/SRR19064439_profile.txt	54.00	477.00	0.89831
./data/PD/MOTUS/SRR13256666_profile.txt	54.00	477.00	0.89831
./data/PD/MOTUS/SRR19064372_profile.txt	215.00	100.00	0.31746
./data/PD/MOTUS/SRR19064480_profile.txt	116.00	626.00	0.84367
./data/PD/MOTUS/SRR19064811_profile.txt	100.00	144.00	0.59016
./data/PD/MOTUS/SRR19064795_profile.txt	220.00	269.00	0.55010
./data/PD/MOTUS/SRR19064970_profile.txt	129.00	514.00	0.79938
./data/PD/MOTUS/SRR19064741_profile.txt	153.00	153.00	0.50000
./data/PD/MOTUS/SRR19064535_profile.txt	130.00	278.00	0.68137
./data/PD/MOTUS/SRR19065036_profile.txt	100.00	368.00	0.78632
./data/PD/MOTUS/SRR19064620_profile.txt	227.00	233.00	0.50652
./data/PD/MOTUS/SRR19064454_profile.txt	43.00	111.00	0.72078
./data/PD/MOTUS/SRR19065039_profile.txt	86.00	492.00	0.85121
./data/PD/MOTUS/SRR19064583_profile.txt	100.00	232.00	0.69880
./data/PD/MOTUS/SRR19064699_profile.txt	193.00	237.00	0.55116
./data/PD/MOTUS/SRR19064912_profile.txt	222.00	201.00	0.47518
./data/PD/MOTUS/SRR19064696_profile.txt	143.00	264.00	0.64865
./data/PD/MOTUS/SRR19064873_profile.txt	143.00	264.00	0.64865
./data/PD/MOTUS/SRR19065029_profile.txt	84.00	72.00	0.46154
./data/PD/MOTUS/SRR19064630_profile.txt	64.00	138.00	0.68317
./data/PD/MOTUS/SRR19064444_profile.txt	237.00	594.00	0.71480
./data/PD/MOTUS/SRR19065026_profile.txt	331.00	278.00	0.45649
./data/PD/MOTUS/SRR19064751_profile.txt	168.00	773.00	0.82147
./data/PD/MOTUS/SRR19064525_profile.txt	114.00	267.00	0.70079
./data/PD/MOTUS/SRR19064863_profile.txt	177.00	238.00	0.57349
./data/PD/MOTUS/SRR19064686_profile.txt	226.00	393.00	0.63489
./data/PD/MOTUS/SRR19064902_profile.txt	395.00	201.00	0.33725
./data/PD/MOTUS/SRR19064593_profile.txt	66.00	157.00	0.70404
./data/PD/MOTUS/SRR19064689_profile.txt	325.00	401.00	0.55234
./data/PD/MOTUS/SRR19064733_profile.txt	266.00	406.00	0.60417
./data/PD/MOTUS/SRR19064429_profile.txt	492.00	103.00	0.17311
./data/PD/MOTUS/SRR13256676_profile.txt	492.00	103.00	0.17311
./data/PD/MOTUS/SRR19064547_profile.txt	171.00	306.00	0.64151
./data/PD/MOTUS/SRR19064652_profile.txt	56.00	183.00	0.76569
./data/PD/MOTUS/SRR19064548_profile.txt	100.00	293.00	0.74555
./data/PD/MOTUS/SRR19064426_profile.txt	367.00	56.00	0.13239
./data/PD/MOTUS/SRR19064960_profile.txt	72.00	187.00	0.72201
./data/PD/MOTUS/SRR19064785_profile.txt	147.00	131.00	0.47122
./data/PD/MOTUS/SRR19064801_profile.txt	202.00	236.00	0.53881
./data/PD/MOTUS/SRR19064490_profile.txt	74.00	107.00	0.59116
./data/PD/MOTUS/SRR19064362_profile.txt	58.00	292.00	0.83429
./data/PD/MOTUS/SRR19064680_profile.txt	186.00	265.00	0.58758
./data/PD/MOTUS/SRR19064865_profile.txt	80.00	91.00	0.53216
./data/PD/MOTUS/SRR19064595_profile.txt	549.00	332.00	0.37684
./data/PD/MOTUS/SRR19064904_profile.txt	100.00	300.00	0.75000
./data/PD/MOTUS/SRR19064758_profile.txt	64.00	151.00	0.70233
./data/PD/MOTUS/SRR19064636_profile.txt	116.00	422.00	0.78439
./data/PD/MOTUS/SRR19064442_profile.txt	125.00	212.00	0.62908
./data/PD/MOTUS/SRR19065020_profile.txt	241.00	447.00	0.64971
./data/PD/MOTUS/SRR19064639_profile.txt	128.00	275.00	0.68238
./data/PD/MOTUS/SRR19064757_profile.txt	212.00	275.00	0.56468
./data/PD/MOTUS/SRR19064523_profile.txt	291.00	181.00	0.38347
./data/PD/MOTUS/SRR19064499_profile.txt	165.00	414.00	0.71503
./data/PD/MOTUS/SRR19064783_profile.txt	172.00	259.00	0.60093
./data/PD/MOTUS/SRR19064808_profile.txt	172.00	259.00	0.60093
./data/PD/MOTUS/SRR19064966_profile.txt	84.00	224.00	0.72727
./data/PD/MOTUS/SRR19064496_profile.txt	188.00	630.00	0.77017
./data/PD/MOTUS/SRR19064364_profile.txt	214.00	260.00	0.54852
./data/PD/MOTUS/SRR19064969_profile.txt	139.00	132.00	0.48708
./data/PD/MOTUS/SRR19064807_profile.txt	72.00	116.00	0.61702
./data/PD/MOTUS/SRR19064735_profile.txt	163.00	166.00	0.50456
./data/PD/MOTUS/SRR19064541_profile.txt	341.00	114.00	0.25055
./data/PD/MOTUS/SRR13256670_profile.txt	341.00	114.00	0.25055
./data/PD/MOTUS/SRR19064654_profile.txt	232.00	398.00	0.63175
./data/PD/MOTUS/SRR19064420_profile.txt	84.00	217.00	0.72093
./data/PD/MOTUS/SRR19064817_profile.txt	263.00	556.00	0.67888
./data/PD/MOTUS/SRR19064979_profile.txt	206.00	426.00	0.67405
./data/PD/MOTUS/SRR19064374_profile.txt	110.00	208.00	0.65409
./data/PD/MOTUS/SRR19064486_profile.txt	46.00	430.00	0.90336
./data/PD/MOTUS/SRR19064976_profile.txt	56.00	210.00	0.78947
./data/PD/MOTUS/SRR19064818_profile.txt	200.00	281.00	0.58420
./data/PD/MOTUS/SRR19064489_profile.txt	182.00	205.00	0.52972
./data/PD/MOTUS/SRR19064793_profile.txt	185.00	233.00	0.55742
./data/PD/MOTUS/SRR19064644_profile.txt	185.00	233.00	0.55742
./data/PD/MOTUS/SRR19064430_profile.txt	169.00	496.00	0.74586
./data/PD/MOTUS/SRR19064725_profile.txt	161.00	330.00	0.67210
./data/PD/MOTUS/SRR13256660_profile.txt	161.00	330.00	0.67210
./data/PD/MOTUS/SRR19064551_profile.txt	74.00	231.00	0.75738
./data/PD/MOTUS/SRR19064914_profile.txt	208.00	365.00	0.63700
./data/PD/MOTUS/SRR19064585_profile.txt	208.00	365.00	0.63700
./data/PD/MOTUS/SRR19064319_profile.txt	208.00	365.00	0.63700
./data/PD/MOTUS/SRR19064875_profile.txt	66.00	312.00	0.82540
./data/PD/MOTUS/SRR19064690_profile.txt	66.00	312.00	0.82540
./data/PD/MOTUS/SRR19064316_profile.txt	66.00	312.00	0.82540
./data/PD/MOTUS/SRR19064747_profile.txt	159.00	131.00	0.45172
./data/PD/MOTUS/SRR19064629_profile.txt	202.00	211.00	0.51090
./data/PD/MOTUS/SRR19064533_profile.txt	167.00	297.00	0.64009
./data/PD/MOTUS/SRR19065030_profile.txt	232.00	670.00	0.74279
./data/PD/MOTUS/SRR19064626_profile.txt	322.00	104.00	0.24413
./data/PD/MOTUS/SRR19064748_profile.txt	126.00	295.00	0.70071
./data/PD/MOTUS/SRR19064452_profile.txt	491.00	360.00	0.42303
./data/PD/MOTUS/SRR19064571_profile.txt	127.00	374.00	0.74651
./data/PD/MOTUS/SRR13256640_profile.txt	127.00	374.00	0.74651
./data/PD/MOTUS/SRR19064705_profile.txt	303.00	171.00	0.36076
./data/PD/MOTUS/SRR19064410_profile.txt	36.00	46.00	0.56098
./data/PD/MOTUS/SRR19064664_profile.txt	80.00	271.00	0.77208
./data/PD/MOTUS/SRR19064881_profile.txt	157.00	43.00	0.21500
./data/PD/MOTUS/SRR19064838_profile.txt	299.00	252.00	0.45735
./data/PD/MOTUS/SRR19064956_profile.txt	58.00	56.00	0.49123
./data/PD/MOTUS/SRR19064354_profile.txt	58.00	56.00	0.49123
./data/PD/MOTUS/SRR19064959_profile.txt	200.00	456.00	0.69512
./data/PD/MOTUS/SRR19064837_profile.txt	118.00	155.00	0.56777
./data/PD/MOTUS/SRR19064472_profile.txt	335.00	470.00	0.58385
./data/PD/MOTUS/SRR19064768_profile.txt	301.00	172.00	0.36364
./data/PD/MOTUS/SRR19064606_profile.txt	162.00	307.00	0.65458
./data/PD/MOTUS/SRR19064380_profile.txt	324.00	161.00	0.33196
./data/PD/MOTUS/SRR19064513_profile.txt	373.00	427.00	0.53375
./data/PD/MOTUS/SRR19064609_profile.txt	66.00	154.00	0.70000
./data/PD/MOTUS/SRR19064767_profile.txt	58.00	157.00	0.73023
./data/PD/MOTUS/SRR19065010_profile.txt	263.00	666.00	0.71690
./data/PD/MOTUS/SRR19064982_profile.txt	205.00	453.00	0.68845
./data/PD/MOTUS/SRR19064336_profile.txt	205.00	453.00	0.68845
./data/PD/MOTUS/SRR19064855_profile.txt	205.00	453.00	0.68845
./data/PD/MOTUS/SRR19064339_profile.txt	205.00	453.00	0.68845
./data/PD/MOTUS/SRR19064934_profile.txt	198.00	143.00	0.41935
./data/PD/MOTUS/SRR19064992_profile.txt	148.00	532.00	0.78235
./data/PD/MOTUS/SRR19065000_profile.txt	250.00	255.00	0.50495
./data/PD/MOTUS/SRR19064503_profile.txt	375.00	415.00	0.52532
./data/PD/MOTUS/SRR19064777_profile.txt	161.00	124.00	0.43509
./data/PD/MOTUS/SRR19064619_profile.txt	132.00	188.00	0.58750
./data/PD/MOTUS/SRR19064390_profile.txt	253.00	219.00	0.46398
./data/PD/MOTUS/SRR19064462_profile.txt	82.00	269.00	0.76638
./data/PD/MOTUS/SRR19064616_profile.txt	54.00	202.00	0.78906
./data/PD/MOTUS/SRR19064778_profile.txt	122.00	108.00	0.46957
./data/PD/MOTUS/SRR19064924_profile.txt	120.00	525.00	0.81395
./data/PD/MOTUS/SRR19064329_profile.txt	120.00	525.00	0.81395
./data/PD/MOTUS/SRR19064845_profile.txt	48.00	72.00	0.60000
./data/PD/MOTUS/SRR19064326_profile.txt	48.00	72.00	0.60000
./data/PD/MOTUS/SRR19064891_profile.txt	114.00	339.00	0.74834
./data/PD/MOTUS/SRR19064400_profile.txt	257.00	287.00	0.52757
./data/PD/MOTUS/SRR19064674_profile.txt	236.00	427.00	0.64404
./data/PD/MOTUS/SRR13256650_profile.txt	236.00	427.00	0.64404
./data/PD/MOTUS/SRR19064561_profile.txt	236.00	427.00	0.64404
./data/PD/MOTUS/SRR19064715_profile.txt	54.00	196.00	0.78400
./data/PD/MOTUS/SRR19064827_profile.txt	84.00	131.00	0.60930
./data/PD/MOTUS/SRR19064949_profile.txt	263.00	236.00	0.47295
./data/PD/MOTUS/SRR19064344_profile.txt	133.00	250.00	0.65274
./data/PD/MOTUS/SRR19064946_profile.txt	129.00	279.00	0.68382
./data/PD/MOTUS/SRR19064828_profile.txt	230.00	186.00	0.44712
./data/PD/MOTUS/SRR19064379_profile.txt	114.00	337.00	0.74723
./data/PD/MOTUS/SRR19064791_profile.txt	82.00	259.00	0.75953
./data/PD/MOTUS/SRR19064974_profile.txt	245.00	634.00	0.72127
./data/PD/MOTUS/SRR19064376_profile.txt	154.00	135.00	0.46713
./data/PD/MOTUS/SRR19064484_profile.txt	313.00	510.00	0.61968
./data/PD/MOTUS/SRR19064815_profile.txt	88.00	217.00	0.71148
./data/PD/MOTUS/SRR19064649_profile.txt	187.00	237.00	0.55896
./data/PD/MOTUS/SRR19064727_profile.txt	187.00	237.00	0.55896
./data/PD/MOTUS/SRR13256662_profile.txt	187.00	237.00	0.55896
./data/PD/MOTUS/SRR19064553_profile.txt	216.00	295.00	0.57730
./data/PD/MOTUS/SRR19064728_profile.txt	163.00	486.00	0.74884
./data/PD/MOTUS/SRR19064646_profile.txt	313.00	353.00	0.53003
./data/PD/MOTUS/SRR19064432_profile.txt	238.00	351.00	0.59593
./data/PD/MOTUS/SRR19064588_profile.txt	162.00	265.00	0.62061
./data/PD/MOTUS/SRR19064692_profile.txt	80.00	82.00	0.50617
./data/PD/MOTUS/SRR19064919_profile.txt	305.00	395.00	0.56429
./data/PD/MOTUS/SRR19064877_profile.txt	243.00	170.00	0.41162
./data/PD/MOTUS/SRR19064587_profile.txt	2240.00	339.00	0.13145
./data/PD/MOTUS/SRR19064878_profile.txt	451.00	264.00	0.36923
./data/PD/MOTUS/SRR19064916_profile.txt	68.00	293.00	0.81163
./data/PD/MOTUS/SRR19064624_profile.txt	192.00	188.00	0.49474
./data/PD/MOTUS/SRR19064450_profile.txt	102.00	178.00	0.63571
./data/PD/MOTUS/SRR19064745_profile.txt	206.00	386.00	0.65203
./data/PD/MOTUS/SRR19064531_profile.txt	501.00	465.00	0.48137
./data/PD/MOTUS/SRR19065032_profile.txt	99.00	290.00	0.74550
./data/PD/MOTUS/SRR19064906_profile.txt	82.00	151.00	0.64807
./data/PD/MOTUS/SRR19064868_profile.txt	175.00	65.00	0.27083
./data/PD/MOTUS/SRR19064597_profile.txt	231.00	315.00	0.57692
./data/PD/MOTUS/SRR19064867_profile.txt	102.00	260.00	0.71823
./data/PD/MOTUS/SRR19064909_profile.txt	351.00	260.00	0.42553
./data/PD/MOTUS/SRR19064598_profile.txt	75.00	102.00	0.57627
./data/PD/MOTUS/SRR19064682_profile.txt	75.00	102.00	0.57627
./data/PD/MOTUS/SRR19065022_profile.txt	95.00	260.00	0.73239
./data/PD/MOTUS/SRR19064755_profile.txt	60.00	51.00	0.45946
./data/PD/MOTUS/SRR19064521_profile.txt	142.00	227.00	0.61518
./data/PD/MOTUS/SRR19064634_profile.txt	94.00	191.00	0.67018
./data/PD/MOTUS/SRR19064440_profile.txt	206.00	422.00	0.67197
./data/PD/MOTUS/SRR19064805_profile.txt	225.00	115.00	0.33824
./data/PD/MOTUS/SRR19064494_profile.txt	256.00	352.00	0.57895
./data/PD/MOTUS/SRR19064366_profile.txt	50.00	240.00	0.82759
./data/PD/MOTUS/SRR19064964_profile.txt	491.00	328.00	0.40049
./data/PD/MOTUS/SRR19064781_profile.txt	136.00	197.00	0.59159
./data/PD/MOTUS/SRR19064369_profile.txt	136.00	197.00	0.59159
./data/PD/MOTUS/SRR19064656_profile.txt	120.00	385.00	0.76238
./data/PD/MOTUS/SRR19064738_profile.txt	182.00	221.00	0.54839
./data/PD/MOTUS/SRR19064422_profile.txt	153.00	270.00	0.63830
./data/PD/MOTUS/SRR19064737_profile.txt	160.00	286.00	0.64126
./data/PD/MOTUS/SRR19064659_profile.txt	149.00	251.00	0.62750
./data/PD/MOTUS/SRR19064543_profile.txt	206.00	468.00	0.69436
./data/PD/MOTUS/SRR13256672_profile.txt	206.00	468.00	0.69436
./data/PD/MOTUS/SRR19065040_profile.txt	206.00	468.00	0.69436
./data/PD/MOTUS/SRR19064392_profile.txt	42.00	47.00	0.52809
./data/PD/MOTUS/SRR19064460_profile.txt	119.00	215.00	0.64371
./data/PD/MOTUS/SRR19064614_profile.txt	81.00	164.00	0.66939
./data/PD/MOTUS/SRR19065002_profile.txt	216.00	413.00	0.65660
./data/PD/MOTUS/SRR19064501_profile.txt	130.00	292.00	0.69194
./data/PD/MOTUS/SRR19064775_profile.txt	42.00	67.00	0.61468
./data/PD/MOTUS/SRR19064990_profile.txt	297.00	241.00	0.44796
./data/PD/MOTUS/SRR19064324_profile.txt	297.00	241.00	0.44796
./data/PD/MOTUS/SRR19064929_profile.txt	157.00	392.00	0.71403
./data/PD/MOTUS/SRR19064847_profile.txt	98.00	189.00	0.65854
./data/PD/MOTUS/SRR19064848_profile.txt	302.00	281.00	0.48199
./data/PD/MOTUS/SRR19064926_profile.txt	177.00	652.00	0.78649
./data/PD/MOTUS/SRR13256652_profile.txt	177.00	652.00	0.78649
./data/PD/MOTUS/SRR19064563_profile.txt	165.00	603.00	0.78516
./data/PD/MOTUS/SRR19064679_profile.txt	86.00	243.00	0.73860
./data/PD/MOTUS/SRR19064717_profile.txt	180.00	456.00	0.71698
./data/PD/MOTUS/SRR19064402_profile.txt	237.00	296.00	0.55535
./data/PD/MOTUS/SRR19064718_profile.txt	74.00	214.00	0.74306
./data/PD/MOTUS/SRR19064676_profile.txt	281.00	447.00	0.61401
./data/PD/MOTUS/SRR19064893_profile.txt	42.00	150.00	0.78125
./data/PD/MOTUS/SRR19064349_profile.txt	108.00	279.00	0.72093
./data/PD/MOTUS/SRR19064944_profile.txt	66.00	66.00	0.50000
./data/PD/MOTUS/SRR19064346_profile.txt	66.00	66.00	0.50000
./data/PD/MOTUS/SRR19064825_profile.txt	224.00	274.00	0.55020
./data/PD/MOTUS/SRR19064883_profile.txt	130.00	255.00	0.66234
./data/PD/MOTUS/SRR19064412_profile.txt	174.00	229.00	0.56824
./data/PD/MOTUS/SRR19064666_profile.txt	82.00	310.00	0.79082
./data/PD/MOTUS/SRR19064708_profile.txt	317.00	110.00	0.25761
./data/PD/MOTUS/SRR19064573_profile.txt	83.00	280.00	0.77135
./data/PD/MOTUS/SRR13256642_profile.txt	83.00	280.00	0.77135
./data/PD/MOTUS/SRR19064707_profile.txt	90.00	158.00	0.63710
./data/PD/MOTUS/SRR19064669_profile.txt	167.00	491.00	0.74620
./data/PD/MOTUS/SRR19064835_profile.txt	252.00	472.00	0.65193
./data/PD/MOTUS/SRR19064356_profile.txt	288.00	408.00	0.58621
./data/PD/MOTUS/SRR19064954_profile.txt	161.00	168.00	0.51064
./data/PD/MOTUS/SRR19064359_profile.txt	100.00	387.00	0.79466
./data/PD/MOTUS/SRR19064980_profile.txt	108.00	279.00	0.72093
./data/PD/MOTUS/SRR19064511_profile.txt	113.00	274.00	0.70801
./data/PD/MOTUS/SRR19064765_profile.txt	44.00	18.00	0.29032
./data/PD/MOTUS/SRR19065012_profile.txt	303.00	173.00	0.36345
./data/PD/MOTUS/SRR19064470_profile.txt	40.00	67.00	0.62617
./data/PD/MOTUS/SRR19064604_profile.txt	134.00	255.00	0.65553
./data/PD/MOTUS/SRR19064382_profile.txt	46.00	169.00	0.78605
./data/PD/MOTUS/SRR19064936_profile.txt	210.00	335.00	0.61468
./data/PD/MOTUS/SRR19064858_profile.txt	157.00	259.00	0.62260
./data/PD/MOTUS/SRR19064857_profile.txt	88.00	577.00	0.86767
./data/PD/MOTUS/SRR19064939_profile.txt	102.00	307.00	0.75061
./data/PD/MOTUS/SRR19064334_profile.txt	102.00	307.00	0.75061
./data/RA_Gut/MOTUS/SRR5091526_profile.txt	32.00	17.00	0.34694
./data/RA_Gut/MOTUS/SRR5091529_profile.txt	299.00	284.00	0.48714
./data/RA_Gut/MOTUS/SRR5091590_profile.txt	176.00	54.00	0.23478
./data/RA_Gut/MOTUS/SRR5091544_profile.txt	175.00	252.00	0.59016
./data/RA_Gut/MOTUS/SRR5091493_profile.txt	172.00	94.00	0.35338
./data/RA_Gut/MOTUS/SRR5091554_profile.txt	105.00	58.00	0.35583
./data/RA_Gut/MOTUS/SRR5091483_profile.txt	530.00	106.00	0.16667
./data/RA_Gut/MOTUS/SRR5091539_profile.txt	28.00	17.00	0.37778
./data/RA_Gut/MOTUS/SRR5091457_profile.txt	34.00	10.00	0.22727
./data/RA_Gut/MOTUS/SRR5091458_profile.txt	179.00	36.00	0.16744
./data/RA_Gut/MOTUS/SRR5091536_profile.txt	101.00	38.00	0.27338
./data/RA_Gut/MOTUS/SRR5091580_profile.txt	60.00	117.00	0.66102
./data/RA_Gut/MOTUS/SRR5091574_profile.txt	200.00	99.00	0.33110
./data/RA_Gut/MOTUS/SRR5091516_profile.txt	52.00	42.00	0.44681
./data/RA_Gut/MOTUS/SRR5091478_profile.txt	190.00	587.00	0.75547
./data/RA_Gut/MOTUS/SRR5091477_profile.txt	341.00	74.00	0.17831
./data/RA_Gut/MOTUS/SRR5091519_profile.txt	115.00	107.00	0.48198
./data/RA_Gut/MOTUS/SRR5091603_profile.txt	180.00	121.00	0.40199
./data/RA_Gut/MOTUS/SRR5091509_profile.txt	105.00	187.00	0.64041
./data/RA_Gut/MOTUS/SRR5091467_profile.txt	186.00	59.00	0.24082
./data/RA_Gut/MOTUS/SRR5091613_profile.txt	168.00	28.00	0.14286
./data/RA_Gut/MOTUS/SRR5091468_profile.txt	198.00	53.00	0.21116
./data/RA_Gut/MOTUS/SRR5091506_profile.txt	166.00	47.00	0.22066
./data/RA_Gut/MOTUS/SRR5091564_profile.txt	88.00	612.00	0.87429
./data/RA_Gut/MOTUS/SRR5091559_profile.txt	28.00	57.00	0.67059
./data/RA_Gut/MOTUS/SRR5091556_profile.txt	224.00	195.00	0.46539
./data/RA_Gut/MOTUS/SRR5091481_profile.txt	161.00	65.00	0.28761
./data/RA_Gut/MOTUS/SRR5091534_profile.txt	86.00	43.00	0.33333
./data/RA_Gut/MOTUS/SRR5091455_profile.txt	325.00	169.00	0.34211
./data/RA_Gut/MOTUS/SRR5091582_profile.txt	198.00	75.00	0.27473
./data/RA_Gut/MOTUS/SRR5091524_profile.txt	115.00	68.00	0.37158
./data/RA_Gut/MOTUS/SRR5091592_profile.txt	66.00	14.00	0.17500
./data/RA_Gut/MOTUS/SRR5091546_profile.txt	311.00	89.00	0.22250
./data/RA_Gut/MOTUS/SRR5091549_profile.txt	125.00	76.00	0.37811
./data/RA_Gut/MOTUS/SRR5091491_profile.txt	239.00	182.00	0.43230
./data/RA_Gut/MOTUS/SRR5091504_profile.txt	172.00	33.00	0.16098
./data/RA_Gut/MOTUS/SRR5091465_profile.txt	125.00	73.00	0.36869
./data/RA_Gut/MOTUS/SRR5091611_profile.txt	93.00	16.00	0.14679
./data/RA_Gut/MOTUS/SRR5091569_profile.txt	251.00	106.00	0.29692
./data/RA_Gut/MOTUS/SRR5091566_profile.txt	174.00	113.00	0.39373
./data/RA_Gut/MOTUS/SRR5091576_profile.txt	176.00	172.00	0.49425
./data/RA_Gut/MOTUS/SRR5091579_profile.txt	289.00	56.00	0.16232
./data/RA_Gut/MOTUS/SRR5091475_profile.txt	334.00	109.00	0.24605
./data/RA_Gut/MOTUS/SRR5091601_profile.txt	22.00	15.00	0.40541
./data/RA_Gut/MOTUS/SRR5091514_profile.txt	227.00	51.00	0.18345
./data/RA_Gut/MOTUS/SRR5091570_profile.txt	237.00	223.00	0.48478
./data/RA_Gut/MOTUS/SRR5091473_profile.txt	225.00	296.00	0.56814
./data/RA_Gut/MOTUS/SRR5091607_profile.txt	293.00	108.00	0.26933
./data/RA_Gut/MOTUS/SRR5091512_profile.txt	34.00	32.00	0.48485
./data/RA_Gut/MOTUS/SRR5091608_profile.txt	38.00	15.00	0.28302
./data/RA_Gut/MOTUS/SRR5091502_profile.txt	188.00	153.00	0.44868
./data/RA_Gut/MOTUS/SRR5091618_profile.txt	184.00	107.00	0.36770
./data/RA_Gut/MOTUS/SRR5091463_profile.txt	184.00	110.00	0.37415
./data/RA_Gut/MOTUS/SRR5091617_profile.txt	375.00	107.00	0.22199
./data/RA_Gut/MOTUS/SRR5091560_profile.txt	32.00	84.00	0.72414
./data/RA_Gut/MOTUS/SRR5091594_profile.txt	154.00	22.00	0.12500
./data/RA_Gut/MOTUS/SRR5091522_profile.txt	172.00	47.00	0.21461
./data/RA_Gut/MOTUS/SRR5091498_profile.txt	160.00	22.00	0.12088
./data/RA_Gut/MOTUS/SRR5091497_profile.txt	182.00	133.00	0.42222
./data/RA_Gut/MOTUS/SRR5091540_profile.txt	156.00	24.00	0.13333
./data/RA_Gut/MOTUS/SRR5091487_profile.txt	244.00	48.00	0.16438
./data/RA_Gut/MOTUS/SRR5091488_profile.txt	152.00	30.00	0.16484
./data/RA_Gut/MOTUS/SRR5091550_profile.txt	176.00	40.00	0.18519
./data/RA_Gut/MOTUS/SRR5091584_profile.txt	56.00	58.00	0.50877
./data/RA_Gut/MOTUS/SRR5091532_profile.txt	246.00	71.00	0.22397
./data/RA_Gut/MOTUS/SRR5091453_profile.txt	191.00	14.00	0.06829
./data/RA_Gut/MOTUS/SRR5091461_profile.txt	168.00	204.00	0.54839
./data/RA_Gut/MOTUS/SRR5091615_profile.txt	223.00	96.00	0.30094
./data/RA_Gut/MOTUS/SRR5091500_profile.txt	38.00	9.00	0.19149
./data/RA_Gut/MOTUS/SRR5091562_profile.txt	99.00	63.00	0.38889
./data/RA_Gut/MOTUS/SRR5091572_profile.txt	341.00	65.00	0.16010
./data/RA_Gut/MOTUS/SRR5091510_profile.txt	226.00	290.00	0.56202
./data/RA_Gut/MOTUS/SRR5091471_profile.txt	281.00	124.00	0.30617
./data/RA_Gut/MOTUS/SRR5091605_profile.txt	50.00	109.00	0.68553
./data/RA_Gut/MOTUS/SRR5091485_profile.txt	174.00	75.00	0.30120
./data/RA_Gut/MOTUS/SRR5091552_profile.txt	182.00	83.00	0.31321
./data/RA_Gut/MOTUS/SRR5091589_profile.txt	182.00	51.00	0.21888
./data/RA_Gut/MOTUS/SRR5091586_profile.txt	194.00	71.00	0.26792
./data/RA_Gut/MOTUS/SRR5091530_profile.txt	38.00	65.00	0.63107
./data/RA_Gut/MOTUS/SRR5091596_profile.txt	246.00	397.00	0.61742
./data/RA_Gut/MOTUS/SRR5091599_profile.txt	341.00	145.00	0.29835
./data/RA_Gut/MOTUS/SRR5091520_profile.txt	48.00	72.00	0.60000
./data/RA_Gut/MOTUS/SRR5091495_profile.txt	172.00	25.00	0.12690
./data/RA_Gut/MOTUS/SRR5091542_profile.txt	188.00	34.00	0.15315
./data/RA_Gut/MOTUS/SRR5091585_profile.txt	226.00	138.00	0.37912
./data/RA_Gut/MOTUS/SRR5091533_profile.txt	93.00	12.00	0.11429
./data/RA_Gut/MOTUS/SRR5091489_profile.txt	38.00	28.00	0.42424
./data/RA_Gut/MOTUS/SRR5091486_profile.txt	99.00	66.00	0.40000
./data/RA_Gut/MOTUS/SRR5091551_profile.txt	144.00	27.00	0.15789
./data/RA_Gut/MOTUS/SRR5091496_profile.txt	54.00	57.00	0.51351
./data/RA_Gut/MOTUS/SRR5091499_profile.txt	151.00	24.00	0.13714
./data/RA_Gut/MOTUS/SRR5091541_profile.txt	162.00	124.00	0.43357
./data/RA_Gut/MOTUS/SRR5091595_profile.txt	258.00	112.00	0.30270
./data/RA_Gut/MOTUS/SRR5091523_profile.txt	34.00	19.00	0.35849
./data/RA_Gut/MOTUS/SRR5091561_profile.txt	20.00	3.00	0.13043
./data/RA_Gut/MOTUS/SRR5091616_profile.txt	107.00	68.00	0.38857
./data/RA_Gut/MOTUS/SRR5091462_profile.txt	206.00	78.00	0.27465
./data/RA_Gut/MOTUS/SRR5091619_profile.txt	214.00	126.00	0.37059
./data/RA_Gut/MOTUS/SRR5091503_profile.txt	186.00	86.00	0.31618
./data/RA_Gut/MOTUS/SRR5091609_profile.txt	76.00	80.00	0.51282
./data/RA_Gut/MOTUS/SRR5091513_profile.txt	514.00	153.00	0.22939
./data/RA_Gut/MOTUS/SRR5091606_profile.txt	26.00	6.00	0.18750
./data/RA_Gut/MOTUS/SRR5091472_profile.txt	170.00	33.00	0.16256
./data/RA_Gut/MOTUS/SRR5091571_profile.txt	119.00	29.00	0.19595
./data/RA_Gut/MOTUS/SRR5091494_profile.txt	64.00	141.00	0.68780
./data/RA_Gut/MOTUS/SRR5091543_profile.txt	107.00	31.00	0.22464
./data/RA_Gut/MOTUS/SRR5091598_profile.txt	156.00	39.00	0.20000
./data/RA_Gut/MOTUS/SRR5091597_profile.txt	178.00	33.00	0.15640
./data/RA_Gut/MOTUS/SRR5091521_profile.txt	202.00	130.00	0.39157
./data/RA_Gut/MOTUS/SRR5091587_profile.txt	40.00	38.00	0.48718
./data/RA_Gut/MOTUS/SRR5091588_profile.txt	70.00	85.00	0.54839
./data/RA_Gut/MOTUS/SRR5091531_profile.txt	319.00	406.00	0.56000
./data/RA_Gut/MOTUS/SRR5091484_profile.txt	220.00	114.00	0.34132
./data/RA_Gut/MOTUS/SRR5091553_profile.txt	78.00	34.00	0.30357
./data/RA_Gut/MOTUS/SRR5091604_profile.txt	36.00	17.00	0.32075
./data/RA_Gut/MOTUS/SRR5091470_profile.txt	40.00	13.00	0.24528
./data/RA_Gut/MOTUS/SRR5091511_profile.txt	109.00	22.00	0.16794
./data/RA_Gut/MOTUS/SRR5091573_profile.txt	287.00	43.00	0.13030
./data/RA_Gut/MOTUS/SRR5091563_profile.txt	158.00	31.00	0.16402
./data/RA_Gut/MOTUS/SRR5091501_profile.txt	24.00	2.00	0.07692
./data/RA_Gut/MOTUS/SRR5091614_profile.txt	264.00	53.00	0.16719
./data/RA_Gut/MOTUS/SRR5091460_profile.txt	550.00	50.00	0.08333
./data/RA_Gut/MOTUS/SRR5091565_profile.txt	198.00	28.00	0.12389
./data/RA_Gut/MOTUS/SRR5091469_profile.txt	42.00	18.00	0.30000
./data/RA_Gut/MOTUS/SRR5091507_profile.txt	166.00	13.00	0.07263
./data/RA_Gut/MOTUS/SRR5091612_profile.txt	332.00	144.00	0.30252
./data/RA_Gut/MOTUS/SRR5091508_profile.txt	205.00	230.00	0.52874
./data/RA_Gut/MOTUS/SRR5091466_profile.txt	26.00	23.00	0.46939
./data/RA_Gut/MOTUS/SRR5091602_profile.txt	190.00	86.00	0.31159
./data/RA_Gut/MOTUS/SRR5091476_profile.txt	40.00	105.00	0.72414
./data/RA_Gut/MOTUS/SRR5091518_profile.txt	172.00	217.00	0.55784
./data/RA_Gut/MOTUS/SRR5091517_profile.txt	168.00	18.00	0.09677
./data/RA_Gut/MOTUS/SRR5091479_profile.txt	30.00	20.00	0.40000
./data/RA_Gut/MOTUS/SRR5091575_profile.txt	78.00	59.00	0.43066
./data/RA_Gut/MOTUS/SRR5091459_profile.txt	30.00	67.00	0.69072
./data/RA_Gut/MOTUS/SRR5091537_profile.txt	22.00	43.00	0.66154
./data/RA_Gut/MOTUS/SRR5091538_profile.txt	40.00	28.00	0.41176
./data/RA_Gut/MOTUS/SRR5091456_profile.txt	103.00	31.00	0.23134
./data/RA_Gut/MOTUS/SRR5091581_profile.txt	186.00	51.00	0.21519
./data/RA_Gut/MOTUS/SRR5091555_profile.txt	117.00	80.00	0.40609
./data/RA_Gut/MOTUS/SRR5091482_profile.txt	123.00	226.00	0.64756
./data/RA_Gut/MOTUS/SRR5091545_profile.txt	109.00	47.00	0.30128
./data/RA_Gut/MOTUS/SRR5091492_profile.txt	172.00	107.00	0.38351
./data/RA_Gut/MOTUS/SRR5091528_profile.txt	180.00	116.00	0.39189
./data/RA_Gut/MOTUS/SRR5091527_profile.txt	261.00	79.00	0.23235
./data/RA_Gut/MOTUS/SRR5091591_profile.txt	243.00	154.00	0.38791
./data/RA_Gut/MOTUS/SRR5091515_profile.txt	166.00	68.00	0.29060
./data/RA_Gut/MOTUS/SRR5091600_profile.txt	62.00	163.00	0.72444
./data/RA_Gut/MOTUS/SRR5091474_profile.txt	166.00	18.00	0.09783
./data/RA_Gut/MOTUS/SRR5091578_profile.txt	162.00	32.00	0.16495
./data/RA_Gut/MOTUS/SRR5091577_profile.txt	164.00	49.00	0.23005
./data/RA_Gut/MOTUS/SRR5091567_profile.txt	348.00	135.00	0.27950
./data/RA_Gut/MOTUS/SRR5091568_profile.txt	272.00	55.00	0.16820
./data/RA_Gut/MOTUS/SRR5091610_profile.txt	190.00	87.00	0.31408
./data/RA_Gut/MOTUS/SRR5091464_profile.txt	120.00	224.00	0.65116
./data/RA_Gut/MOTUS/SRR5091505_profile.txt	284.00	165.00	0.36748
./data/RA_Gut/MOTUS/SRR5091548_profile.txt	46.00	20.00	0.30303
./data/RA_Gut/MOTUS/SRR5091547_profile.txt	36.00	17.00	0.32075
./data/RA_Gut/MOTUS/SRR5091490_profile.txt	174.00	37.00	0.17536
./data/RA_Gut/MOTUS/SRR5091525_profile.txt	91.00	42.00	0.31579
./data/RA_Gut/MOTUS/SRR5091593_profile.txt	241.00	127.00	0.34511
./data/RA_Gut/MOTUS/SRR5091454_profile.txt	52.00	39.00	0.42857
./data/RA_Gut/MOTUS/SRR5091620_profile.txt	54.00	53.00	0.49533
./data/RA_Gut/MOTUS/SRR5091535_profile.txt	115.00	26.00	0.18440
./data/RA_Gut/MOTUS/SRR5091583_profile.txt	174.00	74.00	0.29839
./data/RA_Gut/MOTUS/SRR5091557_profile.txt	282.00	62.00	0.18023
./data/RA_Gut/MOTUS/SRR5091558_profile.txt	172.00	48.00	0.21818
./data/RA_Gut/MOTUS/SRR5091480_profile.txt	111.00	57.00	0.33929
